2026-06-30 22:21:54,330 [toolkit.py] => config: /home/zll2025/low-rank-cl-main/configs/splitlora_improvedv6/imagenet-r.json
2026-06-30 22:21:54,330 [toolkit.py] => device: [device(type='cuda', index=4)]
2026-06-30 22:21:54,330 [toolkit.py] => debug: False
2026-06-30 22:21:54,330 [toolkit.py] => save_ckp: False
2026-06-30 22:21:54,330 [toolkit.py] => moe_list: None
2026-06-30 22:21:54,330 [toolkit.py] => seed: 1993
2026-06-30 22:21:54,330 [toolkit.py] => dataset: imagenet-r
2026-06-30 22:21:54,330 [toolkit.py] => data_path: data/imagenet-r
2026-06-30 22:21:54,330 [toolkit.py] => load: vit_base_patch16_224_in21k
2026-06-30 22:21:54,330 [toolkit.py] => init_cls: 20
2026-06-30 22:21:54,330 [toolkit.py] => increment: 20
2026-06-30 22:21:54,330 [toolkit.py] => sessions: 10
2026-06-30 22:21:54,330 [toolkit.py] => shuffle: False
2026-06-30 22:21:54,330 [toolkit.py] => method: splitlorav6
2026-06-30 22:21:54,330 [toolkit.py] => optimizer: adamw
2026-06-30 22:21:54,330 [toolkit.py] => scheduler: steplr
2026-06-30 22:21:54,330 [toolkit.py] => epochs: 10
2026-06-30 22:21:54,330 [toolkit.py] => lrate: 0.001
2026-06-30 22:21:54,330 [toolkit.py] => lrate_head: 0.01
2026-06-30 22:21:54,330 [toolkit.py] => weight_decay: 5e-05
2026-06-30 22:21:54,330 [toolkit.py] => batch_size: 256
2026-06-30 22:21:54,330 [toolkit.py] => rank: 10
2026-06-30 22:21:54,330 [toolkit.py] => num_workers: 16
2026-06-30 22:21:54,330 [toolkit.py] => lamb: 0.95
2026-06-30 22:21:54,330 [toolkit.py] => lame: 1.0
2026-06-30 22:21:54,330 [toolkit.py] => in_dim: 768
2026-06-30 22:21:54,330 [toolkit.py] => alpha: 20
2026-06-30 22:21:54,330 [toolkit.py] => logdir: logs/splitlorav6/imagenet-r/t10
2026-06-30 22:21:54,330 [toolkit.py] => logfilename: logs/splitlorav6/imagenet-r/t10/seed1993
2026-06-30 22:21:54,413 [data_manager.py] => Class index order: 0, 1, 2, 3, 4, ..., 195, 196, 197, 198, 199
2026-06-30 22:21:57,938 [trainer.py] => ================================================================================
2026-06-30 22:21:57,939 [base.py] => Task 0 learning on class 0-20
Parameters to be updated:
[Trainable] image_encoder.blocks.0.attn.lora_B_k.0.weight                (768, 10) | 7680
[Trainable] image_encoder.blocks.0.attn.lora_B_v.0.weight                (768, 10) | 7680
[Trainable] image_encoder.blocks.0.attn.Lora_shared_A_k.weight           (10, 768) | 7680
[Trainable] image_encoder.blocks.0.attn.Lora_shared_B_k.weight           (768, 10) | 7680
[Trainable] image_encoder.blocks.0.attn.Lora_shared_A_v.weight           (10, 768) | 7680
[Trainable] image_encoder.blocks.0.attn.Lora_shared_B_v.weight           (768, 10) | 7680
[Trainable] image_encoder.blocks.1.attn.lora_B_k.0.weight                (768, 10) | 7680
[Trainable] image_encoder.blocks.1.attn.lora_B_v.0.weight                (768, 10) | 7680
[Trainable] image_encoder.blocks.1.attn.Lora_shared_A_k.weight           (10, 768) | 7680
[Trainable] image_encoder.blocks.1.attn.Lora_shared_B_k.weight           (768, 10) | 7680
[Trainable] image_encoder.blocks.1.attn.Lora_shared_A_v.weight           (10, 768) | 7680
[Trainable] image_encoder.blocks.1.attn.Lora_shared_B_v.weight           (768, 10) | 7680
[Trainable] image_encoder.blocks.2.attn.lora_B_k.0.weight                (768, 10) | 7680
[Trainable] image_encoder.blocks.2.attn.lora_B_v.0.weight                (768, 10) | 7680
[Trainable] image_encoder.blocks.2.attn.Lora_shared_A_k.weight           (10, 768) | 7680
[Trainable] image_encoder.blocks.2.attn.Lora_shared_B_k.weight           (768, 10) | 7680
[Trainable] image_encoder.blocks.2.attn.Lora_shared_A_v.weight           (10, 768) | 7680
[Trainable] image_encoder.blocks.2.attn.Lora_shared_B_v.weight           (768, 10) | 7680
[Trainable] image_encoder.blocks.3.attn.lora_B_k.0.weight                (768, 10) | 7680
[Trainable] image_encoder.blocks.3.attn.lora_B_v.0.weight                (768, 10) | 7680
[Trainable] image_encoder.blocks.3.attn.Lora_shared_A_k.weight           (10, 768) | 7680
[Trainable] image_encoder.blocks.3.attn.Lora_shared_B_k.weight           (768, 10) | 7680
[Trainable] image_encoder.blocks.3.attn.Lora_shared_A_v.weight           (10, 768) | 7680
[Trainable] image_encoder.blocks.3.attn.Lora_shared_B_v.weight           (768, 10) | 7680
[Trainable] image_encoder.blocks.4.attn.lora_B_k.0.weight                (768, 10) | 7680
[Trainable] image_encoder.blocks.4.attn.lora_B_v.0.weight                (768, 10) | 7680
[Trainable] image_encoder.blocks.4.attn.Lora_shared_A_k.weight           (10, 768) | 7680
[Trainable] image_encoder.blocks.4.attn.Lora_shared_B_k.weight           (768, 10) | 7680
[Trainable] image_encoder.blocks.4.attn.Lora_shared_A_v.weight           (10, 768) | 7680
[Trainable] image_encoder.blocks.4.attn.Lora_shared_B_v.weight           (768, 10) | 7680
[Trainable] image_encoder.blocks.5.attn.lora_B_k.0.weight                (768, 10) | 7680
[Trainable] image_encoder.blocks.5.attn.lora_B_v.0.weight                (768, 10) | 7680
[Trainable] image_encoder.blocks.5.attn.Lora_shared_A_k.weight           (10, 768) | 7680
[Trainable] image_encoder.blocks.5.attn.Lora_shared_B_k.weight           (768, 10) | 7680
[Trainable] image_encoder.blocks.5.attn.Lora_shared_A_v.weight           (10, 768) | 7680
[Trainable] image_encoder.blocks.5.attn.Lora_shared_B_v.weight           (768, 10) | 7680
[Trainable] image_encoder.blocks.6.attn.lora_B_k.0.weight                (768, 10) | 7680
[Trainable] image_encoder.blocks.6.attn.lora_B_v.0.weight                (768, 10) | 7680
[Trainable] image_encoder.blocks.6.attn.Lora_shared_A_k.weight           (10, 768) | 7680
[Trainable] image_encoder.blocks.6.attn.Lora_shared_B_k.weight           (768, 10) | 7680
[Trainable] image_encoder.blocks.6.attn.Lora_shared_A_v.weight           (10, 768) | 7680
[Trainable] image_encoder.blocks.6.attn.Lora_shared_B_v.weight           (768, 10) | 7680
[Trainable] image_encoder.blocks.7.attn.lora_B_k.0.weight                (768, 10) | 7680
[Trainable] image_encoder.blocks.7.attn.lora_B_v.0.weight                (768, 10) | 7680
[Trainable] image_encoder.blocks.7.attn.Lora_shared_A_k.weight           (10, 768) | 7680
[Trainable] image_encoder.blocks.7.attn.Lora_shared_B_k.weight           (768, 10) | 7680
[Trainable] image_encoder.blocks.7.attn.Lora_shared_A_v.weight           (10, 768) | 7680
[Trainable] image_encoder.blocks.7.attn.Lora_shared_B_v.weight           (768, 10) | 7680
[Trainable] image_encoder.blocks.8.attn.lora_B_k.0.weight                (768, 10) | 7680
[Trainable] image_encoder.blocks.8.attn.lora_B_v.0.weight                (768, 10) | 7680
[Trainable] image_encoder.blocks.8.attn.Lora_shared_A_k.weight           (10, 768) | 7680
[Trainable] image_encoder.blocks.8.attn.Lora_shared_B_k.weight           (768, 10) | 7680
[Trainable] image_encoder.blocks.8.attn.Lora_shared_A_v.weight           (10, 768) | 7680
[Trainable] image_encoder.blocks.8.attn.Lora_shared_B_v.weight           (768, 10) | 7680
[Trainable] image_encoder.blocks.9.attn.lora_B_k.0.weight                (768, 10) | 7680
[Trainable] image_encoder.blocks.9.attn.lora_B_v.0.weight                (768, 10) | 7680
[Trainable] image_encoder.blocks.9.attn.Lora_shared_A_k.weight           (10, 768) | 7680
[Trainable] image_encoder.blocks.9.attn.Lora_shared_B_k.weight           (768, 10) | 7680
[Trainable] image_encoder.blocks.9.attn.Lora_shared_A_v.weight           (10, 768) | 7680
[Trainable] image_encoder.blocks.9.attn.Lora_shared_B_v.weight           (768, 10) | 7680
[Trainable] image_encoder.blocks.10.attn.lora_B_k.0.weight               (768, 10) | 7680
[Trainable] image_encoder.blocks.10.attn.lora_B_v.0.weight               (768, 10) | 7680
[Trainable] image_encoder.blocks.10.attn.Lora_shared_A_k.weight          (10, 768) | 7680
[Trainable] image_encoder.blocks.10.attn.Lora_shared_B_k.weight          (768, 10) | 7680
[Trainable] image_encoder.blocks.10.attn.Lora_shared_A_v.weight          (10, 768) | 7680
[Trainable] image_encoder.blocks.10.attn.Lora_shared_B_v.weight          (768, 10) | 7680
[Trainable] image_encoder.blocks.11.attn.lora_B_k.0.weight               (768, 10) | 7680
[Trainable] image_encoder.blocks.11.attn.lora_B_v.0.weight               (768, 10) | 7680
[Trainable] image_encoder.blocks.11.attn.Lora_shared_A_k.weight          (10, 768) | 7680
[Trainable] image_encoder.blocks.11.attn.Lora_shared_B_k.weight          (768, 10) | 7680
[Trainable] image_encoder.blocks.11.attn.Lora_shared_A_v.weight          (10, 768) | 7680
[Trainable] image_encoder.blocks.11.attn.Lora_shared_B_v.weight          (768, 10) | 7680
[Trainable] classifier_pool.0.weight                                     (20, 768) | 15360
[Trainable] classifier_pool.0.bias                                       (20,) | 20
2026-06-30 22:21:58,356 [toolkit.py] => Total params:     106,804,763
2026-06-30 22:21:58,356 [toolkit.py] => Trainable params: 568,340
2026-06-30 22:21:58,356 [toolkit.py] => Trainable ratio:  0.5321%
Using Original LoRA Initialization for Task 0
✅ Requires_grad parameters and optimizer parameters are consistent.
2026-06-30 22:25:34,203 [splitlorav6.py] => Task 0, Epoch 10/10 => Loss 0.280, Train_accy 91.26
2026-06-30 22:25:46,358 [trainer.py] => Training time: 0h 3m 48s
2026-06-30 22:25:50,622 [trainer.py] => Evaluation time: 0h 0m 4s
2026-06-30 22:25:50,622 [trainer.py] => Accuracy: {'total': 88.08, '00-19': 88.08, 'old': 0, 'new': 88.08}
2026-06-30 22:25:50,622 [trainer.py] => (curve) top1 Acc: [88.08]
2026-06-30 22:25:50,622 [trainer.py] => Avergae Acc: 88.08
2026-06-30 22:25:50,622 [trainer.py] => (curve) top1 Acc with task: [88.08]
2026-06-30 22:25:50,622 [trainer.py] => Avergae Acc: 88.08
2026-06-30 22:25:50,622 [trainer.py] => (curve) top1 Acc task: [100.0]
2026-06-30 22:25:50,622 [trainer.py] => Avergae Acc: 100.00
2026-06-30 22:25:50,622 [trainer.py] => ================================================================================
2026-06-30 22:25:50,622 [trainer.py] => ================================================================================
2026-06-30 22:25:50,624 [base.py] => Task 1 learning on class 20-40
Parameters to be updated:
[Trainable] image_encoder.blocks.0.attn.lora_B_k.1.weight                (768, 10) | 7680
[Trainable] image_encoder.blocks.0.attn.lora_B_v.1.weight                (768, 10) | 7680
[Trainable] image_encoder.blocks.1.attn.lora_B_k.1.weight                (768, 10) | 7680
[Trainable] image_encoder.blocks.1.attn.lora_B_v.1.weight                (768, 10) | 7680
[Trainable] image_encoder.blocks.2.attn.lora_B_k.1.weight                (768, 10) | 7680
[Trainable] image_encoder.blocks.2.attn.lora_B_v.1.weight                (768, 10) | 7680
[Trainable] image_encoder.blocks.3.attn.lora_B_k.1.weight                (768, 10) | 7680
[Trainable] image_encoder.blocks.3.attn.lora_B_v.1.weight                (768, 10) | 7680
[Trainable] image_encoder.blocks.4.attn.lora_B_k.1.weight                (768, 10) | 7680
[Trainable] image_encoder.blocks.4.attn.lora_B_v.1.weight                (768, 10) | 7680
[Trainable] image_encoder.blocks.5.attn.lora_B_k.1.weight                (768, 10) | 7680
[Trainable] image_encoder.blocks.5.attn.lora_B_v.1.weight                (768, 10) | 7680
[Trainable] image_encoder.blocks.6.attn.lora_B_k.1.weight                (768, 10) | 7680
[Trainable] image_encoder.blocks.6.attn.lora_B_v.1.weight                (768, 10) | 7680
[Trainable] image_encoder.blocks.7.attn.lora_B_k.1.weight                (768, 10) | 7680
[Trainable] image_encoder.blocks.7.attn.lora_B_v.1.weight                (768, 10) | 7680
[Trainable] image_encoder.blocks.8.attn.lora_B_k.1.weight                (768, 10) | 7680
[Trainable] image_encoder.blocks.8.attn.lora_B_v.1.weight                (768, 10) | 7680
[Trainable] image_encoder.blocks.9.attn.lora_B_k.1.weight                (768, 10) | 7680
[Trainable] image_encoder.blocks.9.attn.lora_B_v.1.weight                (768, 10) | 7680
[Trainable] image_encoder.blocks.10.attn.lora_B_k.1.weight               (768, 10) | 7680
[Trainable] image_encoder.blocks.10.attn.lora_B_v.1.weight               (768, 10) | 7680
[Trainable] image_encoder.blocks.11.attn.lora_B_k.1.weight               (768, 10) | 7680
[Trainable] image_encoder.blocks.11.attn.lora_B_v.1.weight               (768, 10) | 7680
[Trainable] classifier_pool.1.weight                                     (20, 768) | 15360
[Trainable] classifier_pool.1.bias                                       (20,) | 20
2026-06-30 22:25:50,634 [toolkit.py] => Total params:     106,804,763
2026-06-30 22:25:50,634 [toolkit.py] => Trainable params: 199,700
2026-06-30 22:25:50,634 [toolkit.py] => Trainable ratio:  0.1870%
Using SplitLora Initialization for Task t(t>=1)
✅ Requires_grad parameters and optimizer parameters are consistent.
EMA tracking: image_encoder.blocks.0.attn.Lora_shared_A_k.weight
EMA tracking: image_encoder.blocks.0.attn.Lora_shared_B_k.weight
EMA tracking: image_encoder.blocks.0.attn.Lora_shared_A_v.weight
EMA tracking: image_encoder.blocks.0.attn.Lora_shared_B_v.weight
EMA tracking: image_encoder.blocks.1.attn.Lora_shared_A_k.weight
EMA tracking: image_encoder.blocks.1.attn.Lora_shared_B_k.weight
EMA tracking: image_encoder.blocks.1.attn.Lora_shared_A_v.weight
EMA tracking: image_encoder.blocks.1.attn.Lora_shared_B_v.weight
EMA tracking: image_encoder.blocks.2.attn.Lora_shared_A_k.weight
EMA tracking: image_encoder.blocks.2.attn.Lora_shared_B_k.weight
EMA tracking: image_encoder.blocks.2.attn.Lora_shared_A_v.weight
EMA tracking: image_encoder.blocks.2.attn.Lora_shared_B_v.weight
EMA tracking: image_encoder.blocks.3.attn.Lora_shared_A_k.weight
EMA tracking: image_encoder.blocks.3.attn.Lora_shared_B_k.weight
EMA tracking: image_encoder.blocks.3.attn.Lora_shared_A_v.weight
EMA tracking: image_encoder.blocks.3.attn.Lora_shared_B_v.weight
EMA tracking: image_encoder.blocks.4.attn.Lora_shared_A_k.weight
EMA tracking: image_encoder.blocks.4.attn.Lora_shared_B_k.weight
EMA tracking: image_encoder.blocks.4.attn.Lora_shared_A_v.weight
EMA tracking: image_encoder.blocks.4.attn.Lora_shared_B_v.weight
EMA tracking: image_encoder.blocks.5.attn.Lora_shared_A_k.weight
EMA tracking: image_encoder.blocks.5.attn.Lora_shared_B_k.weight
EMA tracking: image_encoder.blocks.5.attn.Lora_shared_A_v.weight
EMA tracking: image_encoder.blocks.5.attn.Lora_shared_B_v.weight
EMA tracking: image_encoder.blocks.6.attn.Lora_shared_A_k.weight
EMA tracking: image_encoder.blocks.6.attn.Lora_shared_B_k.weight
EMA tracking: image_encoder.blocks.6.attn.Lora_shared_A_v.weight
EMA tracking: image_encoder.blocks.6.attn.Lora_shared_B_v.weight
EMA tracking: image_encoder.blocks.7.attn.Lora_shared_A_k.weight
EMA tracking: image_encoder.blocks.7.attn.Lora_shared_B_k.weight
EMA tracking: image_encoder.blocks.7.attn.Lora_shared_A_v.weight
EMA tracking: image_encoder.blocks.7.attn.Lora_shared_B_v.weight
EMA tracking: image_encoder.blocks.8.attn.Lora_shared_A_k.weight
EMA tracking: image_encoder.blocks.8.attn.Lora_shared_B_k.weight
EMA tracking: image_encoder.blocks.8.attn.Lora_shared_A_v.weight
EMA tracking: image_encoder.blocks.8.attn.Lora_shared_B_v.weight
EMA tracking: image_encoder.blocks.9.attn.Lora_shared_A_k.weight
EMA tracking: image_encoder.blocks.9.attn.Lora_shared_B_k.weight
EMA tracking: image_encoder.blocks.9.attn.Lora_shared_A_v.weight
EMA tracking: image_encoder.blocks.9.attn.Lora_shared_B_v.weight
EMA tracking: image_encoder.blocks.10.attn.Lora_shared_A_k.weight
EMA tracking: image_encoder.blocks.10.attn.Lora_shared_B_k.weight
EMA tracking: image_encoder.blocks.10.attn.Lora_shared_A_v.weight
EMA tracking: image_encoder.blocks.10.attn.Lora_shared_B_v.weight
EMA tracking: image_encoder.blocks.11.attn.Lora_shared_A_k.weight
EMA tracking: image_encoder.blocks.11.attn.Lora_shared_B_k.weight
EMA tracking: image_encoder.blocks.11.attn.Lora_shared_A_v.weight
EMA tracking: image_encoder.blocks.11.attn.Lora_shared_B_v.weight
2026-06-30 22:29:44,989 [splitlorav6.py] => Task 1, Epoch 10/10 => Loss 0.264, Train_accy 92.38
Applied EMA to image_encoder.blocks.0.attn.Lora_shared_A_k.weight
Applied EMA to image_encoder.blocks.0.attn.Lora_shared_B_k.weight
Applied EMA to image_encoder.blocks.0.attn.Lora_shared_A_v.weight
Applied EMA to image_encoder.blocks.0.attn.Lora_shared_B_v.weight
Applied EMA to image_encoder.blocks.1.attn.Lora_shared_A_k.weight
Applied EMA to image_encoder.blocks.1.attn.Lora_shared_B_k.weight
Applied EMA to image_encoder.blocks.1.attn.Lora_shared_A_v.weight
Applied EMA to image_encoder.blocks.1.attn.Lora_shared_B_v.weight
Applied EMA to image_encoder.blocks.2.attn.Lora_shared_A_k.weight
Applied EMA to image_encoder.blocks.2.attn.Lora_shared_B_k.weight
Applied EMA to image_encoder.blocks.2.attn.Lora_shared_A_v.weight
Applied EMA to image_encoder.blocks.2.attn.Lora_shared_B_v.weight
Applied EMA to image_encoder.blocks.3.attn.Lora_shared_A_k.weight
Applied EMA to image_encoder.blocks.3.attn.Lora_shared_B_k.weight
Applied EMA to image_encoder.blocks.3.attn.Lora_shared_A_v.weight
Applied EMA to image_encoder.blocks.3.attn.Lora_shared_B_v.weight
Applied EMA to image_encoder.blocks.4.attn.Lora_shared_A_k.weight
Applied EMA to image_encoder.blocks.4.attn.Lora_shared_B_k.weight
Applied EMA to image_encoder.blocks.4.attn.Lora_shared_A_v.weight
Applied EMA to image_encoder.blocks.4.attn.Lora_shared_B_v.weight
Applied EMA to image_encoder.blocks.5.attn.Lora_shared_A_k.weight
Applied EMA to image_encoder.blocks.5.attn.Lora_shared_B_k.weight
Applied EMA to image_encoder.blocks.5.attn.Lora_shared_A_v.weight
Applied EMA to image_encoder.blocks.5.attn.Lora_shared_B_v.weight
Applied EMA to image_encoder.blocks.6.attn.Lora_shared_A_k.weight
Applied EMA to image_encoder.blocks.6.attn.Lora_shared_B_k.weight
Applied EMA to image_encoder.blocks.6.attn.Lora_shared_A_v.weight
Applied EMA to image_encoder.blocks.6.attn.Lora_shared_B_v.weight
Applied EMA to image_encoder.blocks.7.attn.Lora_shared_A_k.weight
Applied EMA to image_encoder.blocks.7.attn.Lora_shared_B_k.weight
Applied EMA to image_encoder.blocks.7.attn.Lora_shared_A_v.weight
Applied EMA to image_encoder.blocks.7.attn.Lora_shared_B_v.weight
Applied EMA to image_encoder.blocks.8.attn.Lora_shared_A_k.weight
Applied EMA to image_encoder.blocks.8.attn.Lora_shared_B_k.weight
Applied EMA to image_encoder.blocks.8.attn.Lora_shared_A_v.weight
Applied EMA to image_encoder.blocks.8.attn.Lora_shared_B_v.weight
Applied EMA to image_encoder.blocks.9.attn.Lora_shared_A_k.weight
Applied EMA to image_encoder.blocks.9.attn.Lora_shared_B_k.weight
Applied EMA to image_encoder.blocks.9.attn.Lora_shared_A_v.weight
Applied EMA to image_encoder.blocks.9.attn.Lora_shared_B_v.weight
Applied EMA to image_encoder.blocks.10.attn.Lora_shared_A_k.weight
Applied EMA to image_encoder.blocks.10.attn.Lora_shared_B_k.weight
Applied EMA to image_encoder.blocks.10.attn.Lora_shared_A_v.weight
Applied EMA to image_encoder.blocks.10.attn.Lora_shared_B_v.weight
Applied EMA to image_encoder.blocks.11.attn.Lora_shared_A_k.weight
Applied EMA to image_encoder.blocks.11.attn.Lora_shared_B_k.weight
Applied EMA to image_encoder.blocks.11.attn.Lora_shared_A_v.weight
Applied EMA to image_encoder.blocks.11.attn.Lora_shared_B_v.weight
2026-06-30 22:29:58,697 [trainer.py] => Training time: 0h 4m 8s
2026-06-30 22:30:05,593 [trainer.py] => Evaluation time: 0h 0m 6s
2026-06-30 22:30:05,593 [trainer.py] => Accuracy: {'total': 83.67, '00-19': 81.89, '20-39': 85.28, 'old': 81.89, 'new': 85.28}
2026-06-30 22:30:05,593 [trainer.py] => (curve) top1 Acc: [88.08, 83.67]
2026-06-30 22:30:05,593 [trainer.py] => Avergae Acc: 85.88
2026-06-30 22:30:05,593 [trainer.py] => (curve) top1 Acc with task: [88.08, 88.36]
2026-06-30 22:30:05,593 [trainer.py] => Avergae Acc: 88.22
2026-06-30 22:30:05,593 [trainer.py] => (curve) top1 Acc task: [100.0, 90.48]
2026-06-30 22:30:05,593 [trainer.py] => Avergae Acc: 95.24
2026-06-30 22:30:05,593 [trainer.py] => ================================================================================
2026-06-30 22:30:05,593 [trainer.py] => ================================================================================
2026-06-30 22:30:05,595 [base.py] => Task 2 learning on class 40-60
Parameters to be updated:
[Trainable] image_encoder.blocks.0.attn.lora_B_k.2.weight                (768, 10) | 7680
[Trainable] image_encoder.blocks.0.attn.lora_B_v.2.weight                (768, 10) | 7680
[Trainable] image_encoder.blocks.1.attn.lora_B_k.2.weight                (768, 10) | 7680
[Trainable] image_encoder.blocks.1.attn.lora_B_v.2.weight                (768, 10) | 7680
[Trainable] image_encoder.blocks.2.attn.lora_B_k.2.weight                (768, 10) | 7680
[Trainable] image_encoder.blocks.2.attn.lora_B_v.2.weight                (768, 10) | 7680
[Trainable] image_encoder.blocks.3.attn.lora_B_k.2.weight                (768, 10) | 7680
[Trainable] image_encoder.blocks.3.attn.lora_B_v.2.weight                (768, 10) | 7680
[Trainable] image_encoder.blocks.4.attn.lora_B_k.2.weight                (768, 10) | 7680
[Trainable] image_encoder.blocks.4.attn.lora_B_v.2.weight                (768, 10) | 7680
[Trainable] image_encoder.blocks.5.attn.lora_B_k.2.weight                (768, 10) | 7680
[Trainable] image_encoder.blocks.5.attn.lora_B_v.2.weight                (768, 10) | 7680
[Trainable] image_encoder.blocks.6.attn.lora_B_k.2.weight                (768, 10) | 7680
[Trainable] image_encoder.blocks.6.attn.lora_B_v.2.weight                (768, 10) | 7680
[Trainable] image_encoder.blocks.7.attn.lora_B_k.2.weight                (768, 10) | 7680
[Trainable] image_encoder.blocks.7.attn.lora_B_v.2.weight                (768, 10) | 7680
[Trainable] image_encoder.blocks.8.attn.lora_B_k.2.weight                (768, 10) | 7680
[Trainable] image_encoder.blocks.8.attn.lora_B_v.2.weight                (768, 10) | 7680
[Trainable] image_encoder.blocks.9.attn.lora_B_k.2.weight                (768, 10) | 7680
[Trainable] image_encoder.blocks.9.attn.lora_B_v.2.weight                (768, 10) | 7680
[Trainable] image_encoder.blocks.10.attn.lora_B_k.2.weight               (768, 10) | 7680
[Trainable] image_encoder.blocks.10.attn.lora_B_v.2.weight               (768, 10) | 7680
[Trainable] image_encoder.blocks.11.attn.lora_B_k.2.weight               (768, 10) | 7680
[Trainable] image_encoder.blocks.11.attn.lora_B_v.2.weight               (768, 10) | 7680
[Trainable] classifier_pool.2.weight                                     (20, 768) | 15360
[Trainable] classifier_pool.2.bias                                       (20,) | 20
2026-06-30 22:30:05,605 [toolkit.py] => Total params:     106,804,763
2026-06-30 22:30:05,605 [toolkit.py] => Trainable params: 199,700
2026-06-30 22:30:05,606 [toolkit.py] => Trainable ratio:  0.1870%
Using SplitLora Initialization for Task t(t>=1)
✅ Requires_grad parameters and optimizer parameters are consistent.
EMA tracking: image_encoder.blocks.0.attn.Lora_shared_A_k.weight
EMA tracking: image_encoder.blocks.0.attn.Lora_shared_B_k.weight
EMA tracking: image_encoder.blocks.0.attn.Lora_shared_A_v.weight
EMA tracking: image_encoder.blocks.0.attn.Lora_shared_B_v.weight
EMA tracking: image_encoder.blocks.1.attn.Lora_shared_A_k.weight
EMA tracking: image_encoder.blocks.1.attn.Lora_shared_B_k.weight
EMA tracking: image_encoder.blocks.1.attn.Lora_shared_A_v.weight
EMA tracking: image_encoder.blocks.1.attn.Lora_shared_B_v.weight
EMA tracking: image_encoder.blocks.2.attn.Lora_shared_A_k.weight
EMA tracking: image_encoder.blocks.2.attn.Lora_shared_B_k.weight
EMA tracking: image_encoder.blocks.2.attn.Lora_shared_A_v.weight
EMA tracking: image_encoder.blocks.2.attn.Lora_shared_B_v.weight
EMA tracking: image_encoder.blocks.3.attn.Lora_shared_A_k.weight
EMA tracking: image_encoder.blocks.3.attn.Lora_shared_B_k.weight
EMA tracking: image_encoder.blocks.3.attn.Lora_shared_A_v.weight
EMA tracking: image_encoder.blocks.3.attn.Lora_shared_B_v.weight
EMA tracking: image_encoder.blocks.4.attn.Lora_shared_A_k.weight
EMA tracking: image_encoder.blocks.4.attn.Lora_shared_B_k.weight
EMA tracking: image_encoder.blocks.4.attn.Lora_shared_A_v.weight
EMA tracking: image_encoder.blocks.4.attn.Lora_shared_B_v.weight
EMA tracking: image_encoder.blocks.5.attn.Lora_shared_A_k.weight
EMA tracking: image_encoder.blocks.5.attn.Lora_shared_B_k.weight
EMA tracking: image_encoder.blocks.5.attn.Lora_shared_A_v.weight
EMA tracking: image_encoder.blocks.5.attn.Lora_shared_B_v.weight
EMA tracking: image_encoder.blocks.6.attn.Lora_shared_A_k.weight
EMA tracking: image_encoder.blocks.6.attn.Lora_shared_B_k.weight
EMA tracking: image_encoder.blocks.6.attn.Lora_shared_A_v.weight
EMA tracking: image_encoder.blocks.6.attn.Lora_shared_B_v.weight
EMA tracking: image_encoder.blocks.7.attn.Lora_shared_A_k.weight
EMA tracking: image_encoder.blocks.7.attn.Lora_shared_B_k.weight
EMA tracking: image_encoder.blocks.7.attn.Lora_shared_A_v.weight
EMA tracking: image_encoder.blocks.7.attn.Lora_shared_B_v.weight
EMA tracking: image_encoder.blocks.8.attn.Lora_shared_A_k.weight
EMA tracking: image_encoder.blocks.8.attn.Lora_shared_B_k.weight
EMA tracking: image_encoder.blocks.8.attn.Lora_shared_A_v.weight
EMA tracking: image_encoder.blocks.8.attn.Lora_shared_B_v.weight
EMA tracking: image_encoder.blocks.9.attn.Lora_shared_A_k.weight
EMA tracking: image_encoder.blocks.9.attn.Lora_shared_B_k.weight
EMA tracking: image_encoder.blocks.9.attn.Lora_shared_A_v.weight
EMA tracking: image_encoder.blocks.9.attn.Lora_shared_B_v.weight
EMA tracking: image_encoder.blocks.10.attn.Lora_shared_A_k.weight
EMA tracking: image_encoder.blocks.10.attn.Lora_shared_B_k.weight
EMA tracking: image_encoder.blocks.10.attn.Lora_shared_A_v.weight
EMA tracking: image_encoder.blocks.10.attn.Lora_shared_B_v.weight
EMA tracking: image_encoder.blocks.11.attn.Lora_shared_A_k.weight
EMA tracking: image_encoder.blocks.11.attn.Lora_shared_B_k.weight
EMA tracking: image_encoder.blocks.11.attn.Lora_shared_A_v.weight
EMA tracking: image_encoder.blocks.11.attn.Lora_shared_B_v.weight
2026-06-30 22:32:35,953 [splitlorav6.py] => Task 2, Epoch 10/10 => Loss 0.324, Train_accy 89.88
Applied EMA to image_encoder.blocks.0.attn.Lora_shared_A_k.weight
Applied EMA to image_encoder.blocks.0.attn.Lora_shared_B_k.weight
Applied EMA to image_encoder.blocks.0.attn.Lora_shared_A_v.weight
Applied EMA to image_encoder.blocks.0.attn.Lora_shared_B_v.weight
Applied EMA to image_encoder.blocks.1.attn.Lora_shared_A_k.weight
Applied EMA to image_encoder.blocks.1.attn.Lora_shared_B_k.weight
Applied EMA to image_encoder.blocks.1.attn.Lora_shared_A_v.weight
Applied EMA to image_encoder.blocks.1.attn.Lora_shared_B_v.weight
Applied EMA to image_encoder.blocks.2.attn.Lora_shared_A_k.weight
Applied EMA to image_encoder.blocks.2.attn.Lora_shared_B_k.weight
Applied EMA to image_encoder.blocks.2.attn.Lora_shared_A_v.weight
Applied EMA to image_encoder.blocks.2.attn.Lora_shared_B_v.weight
Applied EMA to image_encoder.blocks.3.attn.Lora_shared_A_k.weight
Applied EMA to image_encoder.blocks.3.attn.Lora_shared_B_k.weight
Applied EMA to image_encoder.blocks.3.attn.Lora_shared_A_v.weight
Applied EMA to image_encoder.blocks.3.attn.Lora_shared_B_v.weight
Applied EMA to image_encoder.blocks.4.attn.Lora_shared_A_k.weight
Applied EMA to image_encoder.blocks.4.attn.Lora_shared_B_k.weight
Applied EMA to image_encoder.blocks.4.attn.Lora_shared_A_v.weight
Applied EMA to image_encoder.blocks.4.attn.Lora_shared_B_v.weight
Applied EMA to image_encoder.blocks.5.attn.Lora_shared_A_k.weight
Applied EMA to image_encoder.blocks.5.attn.Lora_shared_B_k.weight
Applied EMA to image_encoder.blocks.5.attn.Lora_shared_A_v.weight
Applied EMA to image_encoder.blocks.5.attn.Lora_shared_B_v.weight
Applied EMA to image_encoder.blocks.6.attn.Lora_shared_A_k.weight
Applied EMA to image_encoder.blocks.6.attn.Lora_shared_B_k.weight
Applied EMA to image_encoder.blocks.6.attn.Lora_shared_A_v.weight
Applied EMA to image_encoder.blocks.6.attn.Lora_shared_B_v.weight
Applied EMA to image_encoder.blocks.7.attn.Lora_shared_A_k.weight
Applied EMA to image_encoder.blocks.7.attn.Lora_shared_B_k.weight
Applied EMA to image_encoder.blocks.7.attn.Lora_shared_A_v.weight
Applied EMA to image_encoder.blocks.7.attn.Lora_shared_B_v.weight
Applied EMA to image_encoder.blocks.8.attn.Lora_shared_A_k.weight
Applied EMA to image_encoder.blocks.8.attn.Lora_shared_B_k.weight
Applied EMA to image_encoder.blocks.8.attn.Lora_shared_A_v.weight
Applied EMA to image_encoder.blocks.8.attn.Lora_shared_B_v.weight
Applied EMA to image_encoder.blocks.9.attn.Lora_shared_A_k.weight
Applied EMA to image_encoder.blocks.9.attn.Lora_shared_B_k.weight
Applied EMA to image_encoder.blocks.9.attn.Lora_shared_A_v.weight
Applied EMA to image_encoder.blocks.9.attn.Lora_shared_B_v.weight
Applied EMA to image_encoder.blocks.10.attn.Lora_shared_A_k.weight
Applied EMA to image_encoder.blocks.10.attn.Lora_shared_B_k.weight
Applied EMA to image_encoder.blocks.10.attn.Lora_shared_A_v.weight
Applied EMA to image_encoder.blocks.10.attn.Lora_shared_B_v.weight
Applied EMA to image_encoder.blocks.11.attn.Lora_shared_A_k.weight
Applied EMA to image_encoder.blocks.11.attn.Lora_shared_B_k.weight
Applied EMA to image_encoder.blocks.11.attn.Lora_shared_A_v.weight
Applied EMA to image_encoder.blocks.11.attn.Lora_shared_B_v.weight
2026-06-30 22:32:45,834 [trainer.py] => Training time: 0h 2m 40s
2026-06-30 22:32:54,252 [trainer.py] => Evaluation time: 0h 0m 8s
2026-06-30 22:32:54,253 [trainer.py] => Accuracy: {'total': 80.85, '00-19': 81.42, '20-39': 84.58, '40-59': 73.85, 'old': 83.09, 'new': 73.85}
2026-06-30 22:32:54,253 [trainer.py] => (curve) top1 Acc: [88.08, 83.67, 80.85]
2026-06-30 22:32:54,253 [trainer.py] => Avergae Acc: 84.20
2026-06-30 22:32:54,253 [trainer.py] => (curve) top1 Acc with task: [88.08, 88.36, 87.24]
2026-06-30 22:32:54,253 [trainer.py] => Avergae Acc: 87.89
2026-06-30 22:32:54,253 [trainer.py] => (curve) top1 Acc task: [100.0, 90.48, 87.9]
2026-06-30 22:32:54,253 [trainer.py] => Avergae Acc: 92.79
2026-06-30 22:32:54,253 [trainer.py] => ================================================================================
2026-06-30 22:32:54,253 [trainer.py] => ================================================================================
2026-06-30 22:32:54,254 [base.py] => Task 3 learning on class 60-80
Parameters to be updated:
[Trainable] image_encoder.blocks.0.attn.lora_B_k.3.weight                (768, 10) | 7680
[Trainable] image_encoder.blocks.0.attn.lora_B_v.3.weight                (768, 10) | 7680
[Trainable] image_encoder.blocks.1.attn.lora_B_k.3.weight                (768, 10) | 7680
[Trainable] image_encoder.blocks.1.attn.lora_B_v.3.weight                (768, 10) | 7680
[Trainable] image_encoder.blocks.2.attn.lora_B_k.3.weight                (768, 10) | 7680
[Trainable] image_encoder.blocks.2.attn.lora_B_v.3.weight                (768, 10) | 7680
[Trainable] image_encoder.blocks.3.attn.lora_B_k.3.weight                (768, 10) | 7680
[Trainable] image_encoder.blocks.3.attn.lora_B_v.3.weight                (768, 10) | 7680
[Trainable] image_encoder.blocks.4.attn.lora_B_k.3.weight                (768, 10) | 7680
[Trainable] image_encoder.blocks.4.attn.lora_B_v.3.weight                (768, 10) | 7680
[Trainable] image_encoder.blocks.5.attn.lora_B_k.3.weight                (768, 10) | 7680
[Trainable] image_encoder.blocks.5.attn.lora_B_v.3.weight                (768, 10) | 7680
[Trainable] image_encoder.blocks.6.attn.lora_B_k.3.weight                (768, 10) | 7680
[Trainable] image_encoder.blocks.6.attn.lora_B_v.3.weight                (768, 10) | 7680
[Trainable] image_encoder.blocks.7.attn.lora_B_k.3.weight                (768, 10) | 7680
[Trainable] image_encoder.blocks.7.attn.lora_B_v.3.weight                (768, 10) | 7680
[Trainable] image_encoder.blocks.8.attn.lora_B_k.3.weight                (768, 10) | 7680
[Trainable] image_encoder.blocks.8.attn.lora_B_v.3.weight                (768, 10) | 7680
[Trainable] image_encoder.blocks.9.attn.lora_B_k.3.weight                (768, 10) | 7680
[Trainable] image_encoder.blocks.9.attn.lora_B_v.3.weight                (768, 10) | 7680
[Trainable] image_encoder.blocks.10.attn.lora_B_k.3.weight               (768, 10) | 7680
[Trainable] image_encoder.blocks.10.attn.lora_B_v.3.weight               (768, 10) | 7680
[Trainable] image_encoder.blocks.11.attn.lora_B_k.3.weight               (768, 10) | 7680
[Trainable] image_encoder.blocks.11.attn.lora_B_v.3.weight               (768, 10) | 7680
[Trainable] classifier_pool.3.weight                                     (20, 768) | 15360
[Trainable] classifier_pool.3.bias                                       (20,) | 20
2026-06-30 22:32:54,265 [toolkit.py] => Total params:     106,804,763
2026-06-30 22:32:54,265 [toolkit.py] => Trainable params: 199,700
2026-06-30 22:32:54,265 [toolkit.py] => Trainable ratio:  0.1870%
Using SplitLora Initialization for Task t(t>=1)
✅ Requires_grad parameters and optimizer parameters are consistent.
EMA tracking: image_encoder.blocks.0.attn.Lora_shared_A_k.weight
EMA tracking: image_encoder.blocks.0.attn.Lora_shared_B_k.weight
EMA tracking: image_encoder.blocks.0.attn.Lora_shared_A_v.weight
EMA tracking: image_encoder.blocks.0.attn.Lora_shared_B_v.weight
EMA tracking: image_encoder.blocks.1.attn.Lora_shared_A_k.weight
EMA tracking: image_encoder.blocks.1.attn.Lora_shared_B_k.weight
EMA tracking: image_encoder.blocks.1.attn.Lora_shared_A_v.weight
EMA tracking: image_encoder.blocks.1.attn.Lora_shared_B_v.weight
EMA tracking: image_encoder.blocks.2.attn.Lora_shared_A_k.weight
EMA tracking: image_encoder.blocks.2.attn.Lora_shared_B_k.weight
EMA tracking: image_encoder.blocks.2.attn.Lora_shared_A_v.weight
EMA tracking: image_encoder.blocks.2.attn.Lora_shared_B_v.weight
EMA tracking: image_encoder.blocks.3.attn.Lora_shared_A_k.weight
EMA tracking: image_encoder.blocks.3.attn.Lora_shared_B_k.weight
EMA tracking: image_encoder.blocks.3.attn.Lora_shared_A_v.weight
EMA tracking: image_encoder.blocks.3.attn.Lora_shared_B_v.weight
EMA tracking: image_encoder.blocks.4.attn.Lora_shared_A_k.weight
EMA tracking: image_encoder.blocks.4.attn.Lora_shared_B_k.weight
EMA tracking: image_encoder.blocks.4.attn.Lora_shared_A_v.weight
EMA tracking: image_encoder.blocks.4.attn.Lora_shared_B_v.weight
EMA tracking: image_encoder.blocks.5.attn.Lora_shared_A_k.weight
EMA tracking: image_encoder.blocks.5.attn.Lora_shared_B_k.weight
EMA tracking: image_encoder.blocks.5.attn.Lora_shared_A_v.weight
EMA tracking: image_encoder.blocks.5.attn.Lora_shared_B_v.weight
EMA tracking: image_encoder.blocks.6.attn.Lora_shared_A_k.weight
EMA tracking: image_encoder.blocks.6.attn.Lora_shared_B_k.weight
EMA tracking: image_encoder.blocks.6.attn.Lora_shared_A_v.weight
EMA tracking: image_encoder.blocks.6.attn.Lora_shared_B_v.weight
EMA tracking: image_encoder.blocks.7.attn.Lora_shared_A_k.weight
EMA tracking: image_encoder.blocks.7.attn.Lora_shared_B_k.weight
EMA tracking: image_encoder.blocks.7.attn.Lora_shared_A_v.weight
EMA tracking: image_encoder.blocks.7.attn.Lora_shared_B_v.weight
EMA tracking: image_encoder.blocks.8.attn.Lora_shared_A_k.weight
EMA tracking: image_encoder.blocks.8.attn.Lora_shared_B_k.weight
EMA tracking: image_encoder.blocks.8.attn.Lora_shared_A_v.weight
EMA tracking: image_encoder.blocks.8.attn.Lora_shared_B_v.weight
EMA tracking: image_encoder.blocks.9.attn.Lora_shared_A_k.weight
EMA tracking: image_encoder.blocks.9.attn.Lora_shared_B_k.weight
EMA tracking: image_encoder.blocks.9.attn.Lora_shared_A_v.weight
EMA tracking: image_encoder.blocks.9.attn.Lora_shared_B_v.weight
EMA tracking: image_encoder.blocks.10.attn.Lora_shared_A_k.weight
EMA tracking: image_encoder.blocks.10.attn.Lora_shared_B_k.weight
EMA tracking: image_encoder.blocks.10.attn.Lora_shared_A_v.weight
EMA tracking: image_encoder.blocks.10.attn.Lora_shared_B_v.weight
EMA tracking: image_encoder.blocks.11.attn.Lora_shared_A_k.weight
EMA tracking: image_encoder.blocks.11.attn.Lora_shared_B_k.weight
EMA tracking: image_encoder.blocks.11.attn.Lora_shared_A_v.weight
EMA tracking: image_encoder.blocks.11.attn.Lora_shared_B_v.weight
2026-06-30 22:36:10,929 [splitlorav6.py] => Task 3, Epoch 10/10 => Loss 0.293, Train_accy 91.81
Applied EMA to image_encoder.blocks.0.attn.Lora_shared_A_k.weight
Applied EMA to image_encoder.blocks.0.attn.Lora_shared_B_k.weight
Applied EMA to image_encoder.blocks.0.attn.Lora_shared_A_v.weight
Applied EMA to image_encoder.blocks.0.attn.Lora_shared_B_v.weight
Applied EMA to image_encoder.blocks.1.attn.Lora_shared_A_k.weight
Applied EMA to image_encoder.blocks.1.attn.Lora_shared_B_k.weight
Applied EMA to image_encoder.blocks.1.attn.Lora_shared_A_v.weight
Applied EMA to image_encoder.blocks.1.attn.Lora_shared_B_v.weight
Applied EMA to image_encoder.blocks.2.attn.Lora_shared_A_k.weight
Applied EMA to image_encoder.blocks.2.attn.Lora_shared_B_k.weight
Applied EMA to image_encoder.blocks.2.attn.Lora_shared_A_v.weight
Applied EMA to image_encoder.blocks.2.attn.Lora_shared_B_v.weight
Applied EMA to image_encoder.blocks.3.attn.Lora_shared_A_k.weight
Applied EMA to image_encoder.blocks.3.attn.Lora_shared_B_k.weight
Applied EMA to image_encoder.blocks.3.attn.Lora_shared_A_v.weight
Applied EMA to image_encoder.blocks.3.attn.Lora_shared_B_v.weight
Applied EMA to image_encoder.blocks.4.attn.Lora_shared_A_k.weight
Applied EMA to image_encoder.blocks.4.attn.Lora_shared_B_k.weight
Applied EMA to image_encoder.blocks.4.attn.Lora_shared_A_v.weight
Applied EMA to image_encoder.blocks.4.attn.Lora_shared_B_v.weight
Applied EMA to image_encoder.blocks.5.attn.Lora_shared_A_k.weight
Applied EMA to image_encoder.blocks.5.attn.Lora_shared_B_k.weight
Applied EMA to image_encoder.blocks.5.attn.Lora_shared_A_v.weight
Applied EMA to image_encoder.blocks.5.attn.Lora_shared_B_v.weight
Applied EMA to image_encoder.blocks.6.attn.Lora_shared_A_k.weight
Applied EMA to image_encoder.blocks.6.attn.Lora_shared_B_k.weight
Applied EMA to image_encoder.blocks.6.attn.Lora_shared_A_v.weight
Applied EMA to image_encoder.blocks.6.attn.Lora_shared_B_v.weight
Applied EMA to image_encoder.blocks.7.attn.Lora_shared_A_k.weight
Applied EMA to image_encoder.blocks.7.attn.Lora_shared_B_k.weight
Applied EMA to image_encoder.blocks.7.attn.Lora_shared_A_v.weight
Applied EMA to image_encoder.blocks.7.attn.Lora_shared_B_v.weight
Applied EMA to image_encoder.blocks.8.attn.Lora_shared_A_k.weight
Applied EMA to image_encoder.blocks.8.attn.Lora_shared_B_k.weight
Applied EMA to image_encoder.blocks.8.attn.Lora_shared_A_v.weight
Applied EMA to image_encoder.blocks.8.attn.Lora_shared_B_v.weight
Applied EMA to image_encoder.blocks.9.attn.Lora_shared_A_k.weight
Applied EMA to image_encoder.blocks.9.attn.Lora_shared_B_k.weight
Applied EMA to image_encoder.blocks.9.attn.Lora_shared_A_v.weight
Applied EMA to image_encoder.blocks.9.attn.Lora_shared_B_v.weight
Applied EMA to image_encoder.blocks.10.attn.Lora_shared_A_k.weight
Applied EMA to image_encoder.blocks.10.attn.Lora_shared_B_k.weight
Applied EMA to image_encoder.blocks.10.attn.Lora_shared_A_v.weight
Applied EMA to image_encoder.blocks.10.attn.Lora_shared_B_v.weight
Applied EMA to image_encoder.blocks.11.attn.Lora_shared_A_k.weight
Applied EMA to image_encoder.blocks.11.attn.Lora_shared_B_k.weight
Applied EMA to image_encoder.blocks.11.attn.Lora_shared_A_v.weight
Applied EMA to image_encoder.blocks.11.attn.Lora_shared_B_v.weight
2026-06-30 22:36:22,464 [trainer.py] => Training time: 0h 3m 28s
2026-06-30 22:36:33,085 [trainer.py] => Evaluation time: 0h 0m 10s
2026-06-30 22:36:33,086 [trainer.py] => Accuracy: {'total': 77.92, '00-19': 80.65, '20-39': 82.64, '40-59': 71.33, '60-79': 74.02, 'old': 79.19, 'new': 74.02}
2026-06-30 22:36:33,086 [trainer.py] => (curve) top1 Acc: [88.08, 83.67, 80.85, 77.92]
2026-06-30 22:36:33,086 [trainer.py] => Avergae Acc: 82.63
2026-06-30 22:36:33,086 [trainer.py] => (curve) top1 Acc with task: [88.08, 88.36, 87.24, 87.12]
2026-06-30 22:36:33,086 [trainer.py] => Avergae Acc: 87.70
2026-06-30 22:36:33,086 [trainer.py] => (curve) top1 Acc task: [100.0, 90.48, 87.9, 83.61]
2026-06-30 22:36:33,086 [trainer.py] => Avergae Acc: 90.50
2026-06-30 22:36:33,086 [trainer.py] => ================================================================================
2026-06-30 22:36:33,086 [trainer.py] => ================================================================================
2026-06-30 22:36:33,087 [base.py] => Task 4 learning on class 80-100
Parameters to be updated:
[Trainable] image_encoder.blocks.0.attn.lora_B_k.4.weight                (768, 10) | 7680
[Trainable] image_encoder.blocks.0.attn.lora_B_v.4.weight                (768, 10) | 7680
[Trainable] image_encoder.blocks.1.attn.lora_B_k.4.weight                (768, 10) | 7680
[Trainable] image_encoder.blocks.1.attn.lora_B_v.4.weight                (768, 10) | 7680
[Trainable] image_encoder.blocks.2.attn.lora_B_k.4.weight                (768, 10) | 7680
[Trainable] image_encoder.blocks.2.attn.lora_B_v.4.weight                (768, 10) | 7680
[Trainable] image_encoder.blocks.3.attn.lora_B_k.4.weight                (768, 10) | 7680
[Trainable] image_encoder.blocks.3.attn.lora_B_v.4.weight                (768, 10) | 7680
[Trainable] image_encoder.blocks.4.attn.lora_B_k.4.weight                (768, 10) | 7680
[Trainable] image_encoder.blocks.4.attn.lora_B_v.4.weight                (768, 10) | 7680
[Trainable] image_encoder.blocks.5.attn.lora_B_k.4.weight                (768, 10) | 7680
[Trainable] image_encoder.blocks.5.attn.lora_B_v.4.weight                (768, 10) | 7680
[Trainable] image_encoder.blocks.6.attn.lora_B_k.4.weight                (768, 10) | 7680
[Trainable] image_encoder.blocks.6.attn.lora_B_v.4.weight                (768, 10) | 7680
[Trainable] image_encoder.blocks.7.attn.lora_B_k.4.weight                (768, 10) | 7680
[Trainable] image_encoder.blocks.7.attn.lora_B_v.4.weight                (768, 10) | 7680
[Trainable] image_encoder.blocks.8.attn.lora_B_k.4.weight                (768, 10) | 7680
[Trainable] image_encoder.blocks.8.attn.lora_B_v.4.weight                (768, 10) | 7680
[Trainable] image_encoder.blocks.9.attn.lora_B_k.4.weight                (768, 10) | 7680
[Trainable] image_encoder.blocks.9.attn.lora_B_v.4.weight                (768, 10) | 7680
[Trainable] image_encoder.blocks.10.attn.lora_B_k.4.weight               (768, 10) | 7680
[Trainable] image_encoder.blocks.10.attn.lora_B_v.4.weight               (768, 10) | 7680
[Trainable] image_encoder.blocks.11.attn.lora_B_k.4.weight               (768, 10) | 7680
[Trainable] image_encoder.blocks.11.attn.lora_B_v.4.weight               (768, 10) | 7680
[Trainable] classifier_pool.4.weight                                     (20, 768) | 15360
[Trainable] classifier_pool.4.bias                                       (20,) | 20
2026-06-30 22:36:33,100 [toolkit.py] => Total params:     106,804,763
2026-06-30 22:36:33,100 [toolkit.py] => Trainable params: 199,700
2026-06-30 22:36:33,100 [toolkit.py] => Trainable ratio:  0.1870%
Using SplitLora Initialization for Task t(t>=1)
✅ Requires_grad parameters and optimizer parameters are consistent.
EMA tracking: image_encoder.blocks.0.attn.Lora_shared_A_k.weight
EMA tracking: image_encoder.blocks.0.attn.Lora_shared_B_k.weight
EMA tracking: image_encoder.blocks.0.attn.Lora_shared_A_v.weight
EMA tracking: image_encoder.blocks.0.attn.Lora_shared_B_v.weight
EMA tracking: image_encoder.blocks.1.attn.Lora_shared_A_k.weight
EMA tracking: image_encoder.blocks.1.attn.Lora_shared_B_k.weight
EMA tracking: image_encoder.blocks.1.attn.Lora_shared_A_v.weight
EMA tracking: image_encoder.blocks.1.attn.Lora_shared_B_v.weight
EMA tracking: image_encoder.blocks.2.attn.Lora_shared_A_k.weight
EMA tracking: image_encoder.blocks.2.attn.Lora_shared_B_k.weight
EMA tracking: image_encoder.blocks.2.attn.Lora_shared_A_v.weight
EMA tracking: image_encoder.blocks.2.attn.Lora_shared_B_v.weight
EMA tracking: image_encoder.blocks.3.attn.Lora_shared_A_k.weight
EMA tracking: image_encoder.blocks.3.attn.Lora_shared_B_k.weight
EMA tracking: image_encoder.blocks.3.attn.Lora_shared_A_v.weight
EMA tracking: image_encoder.blocks.3.attn.Lora_shared_B_v.weight
EMA tracking: image_encoder.blocks.4.attn.Lora_shared_A_k.weight
EMA tracking: image_encoder.blocks.4.attn.Lora_shared_B_k.weight
EMA tracking: image_encoder.blocks.4.attn.Lora_shared_A_v.weight
EMA tracking: image_encoder.blocks.4.attn.Lora_shared_B_v.weight
EMA tracking: image_encoder.blocks.5.attn.Lora_shared_A_k.weight
EMA tracking: image_encoder.blocks.5.attn.Lora_shared_B_k.weight
EMA tracking: image_encoder.blocks.5.attn.Lora_shared_A_v.weight
EMA tracking: image_encoder.blocks.5.attn.Lora_shared_B_v.weight
EMA tracking: image_encoder.blocks.6.attn.Lora_shared_A_k.weight
EMA tracking: image_encoder.blocks.6.attn.Lora_shared_B_k.weight
EMA tracking: image_encoder.blocks.6.attn.Lora_shared_A_v.weight
EMA tracking: image_encoder.blocks.6.attn.Lora_shared_B_v.weight
EMA tracking: image_encoder.blocks.7.attn.Lora_shared_A_k.weight
EMA tracking: image_encoder.blocks.7.attn.Lora_shared_B_k.weight
EMA tracking: image_encoder.blocks.7.attn.Lora_shared_A_v.weight
EMA tracking: image_encoder.blocks.7.attn.Lora_shared_B_v.weight
EMA tracking: image_encoder.blocks.8.attn.Lora_shared_A_k.weight
EMA tracking: image_encoder.blocks.8.attn.Lora_shared_B_k.weight
EMA tracking: image_encoder.blocks.8.attn.Lora_shared_A_v.weight
EMA tracking: image_encoder.blocks.8.attn.Lora_shared_B_v.weight
EMA tracking: image_encoder.blocks.9.attn.Lora_shared_A_k.weight
EMA tracking: image_encoder.blocks.9.attn.Lora_shared_B_k.weight
EMA tracking: image_encoder.blocks.9.attn.Lora_shared_A_v.weight
EMA tracking: image_encoder.blocks.9.attn.Lora_shared_B_v.weight
EMA tracking: image_encoder.blocks.10.attn.Lora_shared_A_k.weight
EMA tracking: image_encoder.blocks.10.attn.Lora_shared_B_k.weight
EMA tracking: image_encoder.blocks.10.attn.Lora_shared_A_v.weight
EMA tracking: image_encoder.blocks.10.attn.Lora_shared_B_v.weight
EMA tracking: image_encoder.blocks.11.attn.Lora_shared_A_k.weight
EMA tracking: image_encoder.blocks.11.attn.Lora_shared_B_k.weight
EMA tracking: image_encoder.blocks.11.attn.Lora_shared_A_v.weight
EMA tracking: image_encoder.blocks.11.attn.Lora_shared_B_v.weight
2026-06-30 22:40:23,567 [splitlorav6.py] => Task 4, Epoch 10/10 => Loss 0.258, Train_accy 92.40
Applied EMA to image_encoder.blocks.0.attn.Lora_shared_A_k.weight
Applied EMA to image_encoder.blocks.0.attn.Lora_shared_B_k.weight
Applied EMA to image_encoder.blocks.0.attn.Lora_shared_A_v.weight
Applied EMA to image_encoder.blocks.0.attn.Lora_shared_B_v.weight
Applied EMA to image_encoder.blocks.1.attn.Lora_shared_A_k.weight
Applied EMA to image_encoder.blocks.1.attn.Lora_shared_B_k.weight
Applied EMA to image_encoder.blocks.1.attn.Lora_shared_A_v.weight
Applied EMA to image_encoder.blocks.1.attn.Lora_shared_B_v.weight
Applied EMA to image_encoder.blocks.2.attn.Lora_shared_A_k.weight
Applied EMA to image_encoder.blocks.2.attn.Lora_shared_B_k.weight
Applied EMA to image_encoder.blocks.2.attn.Lora_shared_A_v.weight
Applied EMA to image_encoder.blocks.2.attn.Lora_shared_B_v.weight
Applied EMA to image_encoder.blocks.3.attn.Lora_shared_A_k.weight
Applied EMA to image_encoder.blocks.3.attn.Lora_shared_B_k.weight
Applied EMA to image_encoder.blocks.3.attn.Lora_shared_A_v.weight
Applied EMA to image_encoder.blocks.3.attn.Lora_shared_B_v.weight
Applied EMA to image_encoder.blocks.4.attn.Lora_shared_A_k.weight
Applied EMA to image_encoder.blocks.4.attn.Lora_shared_B_k.weight
Applied EMA to image_encoder.blocks.4.attn.Lora_shared_A_v.weight
Applied EMA to image_encoder.blocks.4.attn.Lora_shared_B_v.weight
Applied EMA to image_encoder.blocks.5.attn.Lora_shared_A_k.weight
Applied EMA to image_encoder.blocks.5.attn.Lora_shared_B_k.weight
Applied EMA to image_encoder.blocks.5.attn.Lora_shared_A_v.weight
Applied EMA to image_encoder.blocks.5.attn.Lora_shared_B_v.weight
Applied EMA to image_encoder.blocks.6.attn.Lora_shared_A_k.weight
Applied EMA to image_encoder.blocks.6.attn.Lora_shared_B_k.weight
Applied EMA to image_encoder.blocks.6.attn.Lora_shared_A_v.weight
Applied EMA to image_encoder.blocks.6.attn.Lora_shared_B_v.weight
Applied EMA to image_encoder.blocks.7.attn.Lora_shared_A_k.weight
Applied EMA to image_encoder.blocks.7.attn.Lora_shared_B_k.weight
Applied EMA to image_encoder.blocks.7.attn.Lora_shared_A_v.weight
Applied EMA to image_encoder.blocks.7.attn.Lora_shared_B_v.weight
Applied EMA to image_encoder.blocks.8.attn.Lora_shared_A_k.weight
Applied EMA to image_encoder.blocks.8.attn.Lora_shared_B_k.weight
Applied EMA to image_encoder.blocks.8.attn.Lora_shared_A_v.weight
Applied EMA to image_encoder.blocks.8.attn.Lora_shared_B_v.weight
Applied EMA to image_encoder.blocks.9.attn.Lora_shared_A_k.weight
Applied EMA to image_encoder.blocks.9.attn.Lora_shared_B_k.weight
Applied EMA to image_encoder.blocks.9.attn.Lora_shared_A_v.weight
Applied EMA to image_encoder.blocks.9.attn.Lora_shared_B_v.weight
Applied EMA to image_encoder.blocks.10.attn.Lora_shared_A_k.weight
Applied EMA to image_encoder.blocks.10.attn.Lora_shared_B_k.weight
Applied EMA to image_encoder.blocks.10.attn.Lora_shared_A_v.weight
Applied EMA to image_encoder.blocks.10.attn.Lora_shared_B_v.weight
Applied EMA to image_encoder.blocks.11.attn.Lora_shared_A_k.weight
Applied EMA to image_encoder.blocks.11.attn.Lora_shared_B_k.weight
Applied EMA to image_encoder.blocks.11.attn.Lora_shared_A_v.weight
Applied EMA to image_encoder.blocks.11.attn.Lora_shared_B_v.weight
2026-06-30 22:40:38,098 [trainer.py] => Training time: 0h 4m 5s
2026-06-30 22:40:51,420 [trainer.py] => Evaluation time: 0h 0m 13s
2026-06-30 22:40:51,420 [trainer.py] => Accuracy: {'total': 76.66, '00-19': 78.48, '20-39': 81.25, '40-59': 69.95, '60-79': 72.67, '80-99': 77.81, 'old': 76.33, 'new': 77.81}
2026-06-30 22:40:51,420 [trainer.py] => (curve) top1 Acc: [88.08, 83.67, 80.85, 77.92, 76.66]
2026-06-30 22:40:51,421 [trainer.py] => Avergae Acc: 81.44
2026-06-30 22:40:51,421 [trainer.py] => (curve) top1 Acc with task: [88.08, 88.36, 87.24, 87.12, 86.59]
2026-06-30 22:40:51,421 [trainer.py] => Avergae Acc: 87.48
2026-06-30 22:40:51,421 [trainer.py] => (curve) top1 Acc task: [100.0, 90.48, 87.9, 83.61, 82.0]
2026-06-30 22:40:51,421 [trainer.py] => Avergae Acc: 88.80
2026-06-30 22:40:51,421 [trainer.py] => ================================================================================
2026-06-30 22:40:51,421 [trainer.py] => ================================================================================
2026-06-30 22:40:51,423 [base.py] => Task 5 learning on class 100-120
Parameters to be updated:
[Trainable] image_encoder.blocks.0.attn.lora_B_k.5.weight                (768, 10) | 7680
[Trainable] image_encoder.blocks.0.attn.lora_B_v.5.weight                (768, 10) | 7680
[Trainable] image_encoder.blocks.1.attn.lora_B_k.5.weight                (768, 10) | 7680
[Trainable] image_encoder.blocks.1.attn.lora_B_v.5.weight                (768, 10) | 7680
[Trainable] image_encoder.blocks.2.attn.lora_B_k.5.weight                (768, 10) | 7680
[Trainable] image_encoder.blocks.2.attn.lora_B_v.5.weight                (768, 10) | 7680
[Trainable] image_encoder.blocks.3.attn.lora_B_k.5.weight                (768, 10) | 7680
[Trainable] image_encoder.blocks.3.attn.lora_B_v.5.weight                (768, 10) | 7680
[Trainable] image_encoder.blocks.4.attn.lora_B_k.5.weight                (768, 10) | 7680
[Trainable] image_encoder.blocks.4.attn.lora_B_v.5.weight                (768, 10) | 7680
[Trainable] image_encoder.blocks.5.attn.lora_B_k.5.weight                (768, 10) | 7680
[Trainable] image_encoder.blocks.5.attn.lora_B_v.5.weight                (768, 10) | 7680
[Trainable] image_encoder.blocks.6.attn.lora_B_k.5.weight                (768, 10) | 7680
[Trainable] image_encoder.blocks.6.attn.lora_B_v.5.weight                (768, 10) | 7680
[Trainable] image_encoder.blocks.7.attn.lora_B_k.5.weight                (768, 10) | 7680
[Trainable] image_encoder.blocks.7.attn.lora_B_v.5.weight                (768, 10) | 7680
[Trainable] image_encoder.blocks.8.attn.lora_B_k.5.weight                (768, 10) | 7680
[Trainable] image_encoder.blocks.8.attn.lora_B_v.5.weight                (768, 10) | 7680
[Trainable] image_encoder.blocks.9.attn.lora_B_k.5.weight                (768, 10) | 7680
[Trainable] image_encoder.blocks.9.attn.lora_B_v.5.weight                (768, 10) | 7680
[Trainable] image_encoder.blocks.10.attn.lora_B_k.5.weight               (768, 10) | 7680
[Trainable] image_encoder.blocks.10.attn.lora_B_v.5.weight               (768, 10) | 7680
[Trainable] image_encoder.blocks.11.attn.lora_B_k.5.weight               (768, 10) | 7680
[Trainable] image_encoder.blocks.11.attn.lora_B_v.5.weight               (768, 10) | 7680
[Trainable] classifier_pool.5.weight                                     (20, 768) | 15360
[Trainable] classifier_pool.5.bias                                       (20,) | 20
2026-06-30 22:40:51,436 [toolkit.py] => Total params:     106,804,763
2026-06-30 22:40:51,436 [toolkit.py] => Trainable params: 199,700
2026-06-30 22:40:51,436 [toolkit.py] => Trainable ratio:  0.1870%
Using SplitLora Initialization for Task t(t>=1)
✅ Requires_grad parameters and optimizer parameters are consistent.
EMA tracking: image_encoder.blocks.0.attn.Lora_shared_A_k.weight
EMA tracking: image_encoder.blocks.0.attn.Lora_shared_B_k.weight
EMA tracking: image_encoder.blocks.0.attn.Lora_shared_A_v.weight
EMA tracking: image_encoder.blocks.0.attn.Lora_shared_B_v.weight
EMA tracking: image_encoder.blocks.1.attn.Lora_shared_A_k.weight
EMA tracking: image_encoder.blocks.1.attn.Lora_shared_B_k.weight
EMA tracking: image_encoder.blocks.1.attn.Lora_shared_A_v.weight
EMA tracking: image_encoder.blocks.1.attn.Lora_shared_B_v.weight
EMA tracking: image_encoder.blocks.2.attn.Lora_shared_A_k.weight
EMA tracking: image_encoder.blocks.2.attn.Lora_shared_B_k.weight
EMA tracking: image_encoder.blocks.2.attn.Lora_shared_A_v.weight
EMA tracking: image_encoder.blocks.2.attn.Lora_shared_B_v.weight
EMA tracking: image_encoder.blocks.3.attn.Lora_shared_A_k.weight
EMA tracking: image_encoder.blocks.3.attn.Lora_shared_B_k.weight
EMA tracking: image_encoder.blocks.3.attn.Lora_shared_A_v.weight
EMA tracking: image_encoder.blocks.3.attn.Lora_shared_B_v.weight
EMA tracking: image_encoder.blocks.4.attn.Lora_shared_A_k.weight
EMA tracking: image_encoder.blocks.4.attn.Lora_shared_B_k.weight
EMA tracking: image_encoder.blocks.4.attn.Lora_shared_A_v.weight
EMA tracking: image_encoder.blocks.4.attn.Lora_shared_B_v.weight
EMA tracking: image_encoder.blocks.5.attn.Lora_shared_A_k.weight
EMA tracking: image_encoder.blocks.5.attn.Lora_shared_B_k.weight
EMA tracking: image_encoder.blocks.5.attn.Lora_shared_A_v.weight
EMA tracking: image_encoder.blocks.5.attn.Lora_shared_B_v.weight
EMA tracking: image_encoder.blocks.6.attn.Lora_shared_A_k.weight
EMA tracking: image_encoder.blocks.6.attn.Lora_shared_B_k.weight
EMA tracking: image_encoder.blocks.6.attn.Lora_shared_A_v.weight
EMA tracking: image_encoder.blocks.6.attn.Lora_shared_B_v.weight
EMA tracking: image_encoder.blocks.7.attn.Lora_shared_A_k.weight
EMA tracking: image_encoder.blocks.7.attn.Lora_shared_B_k.weight
EMA tracking: image_encoder.blocks.7.attn.Lora_shared_A_v.weight
EMA tracking: image_encoder.blocks.7.attn.Lora_shared_B_v.weight
EMA tracking: image_encoder.blocks.8.attn.Lora_shared_A_k.weight
EMA tracking: image_encoder.blocks.8.attn.Lora_shared_B_k.weight
EMA tracking: image_encoder.blocks.8.attn.Lora_shared_A_v.weight
EMA tracking: image_encoder.blocks.8.attn.Lora_shared_B_v.weight
EMA tracking: image_encoder.blocks.9.attn.Lora_shared_A_k.weight
EMA tracking: image_encoder.blocks.9.attn.Lora_shared_B_k.weight
EMA tracking: image_encoder.blocks.9.attn.Lora_shared_A_v.weight
EMA tracking: image_encoder.blocks.9.attn.Lora_shared_B_v.weight
EMA tracking: image_encoder.blocks.10.attn.Lora_shared_A_k.weight
EMA tracking: image_encoder.blocks.10.attn.Lora_shared_B_k.weight
EMA tracking: image_encoder.blocks.10.attn.Lora_shared_A_v.weight
EMA tracking: image_encoder.blocks.10.attn.Lora_shared_B_v.weight
EMA tracking: image_encoder.blocks.11.attn.Lora_shared_A_k.weight
EMA tracking: image_encoder.blocks.11.attn.Lora_shared_B_k.weight
EMA tracking: image_encoder.blocks.11.attn.Lora_shared_A_v.weight
EMA tracking: image_encoder.blocks.11.attn.Lora_shared_B_v.weight
2026-06-30 22:43:58,472 [splitlorav6.py] => Task 5, Epoch 10/10 => Loss 0.238, Train_accy 93.14
Applied EMA to image_encoder.blocks.0.attn.Lora_shared_A_k.weight
Applied EMA to image_encoder.blocks.0.attn.Lora_shared_B_k.weight
Applied EMA to image_encoder.blocks.0.attn.Lora_shared_A_v.weight
Applied EMA to image_encoder.blocks.0.attn.Lora_shared_B_v.weight
Applied EMA to image_encoder.blocks.1.attn.Lora_shared_A_k.weight
Applied EMA to image_encoder.blocks.1.attn.Lora_shared_B_k.weight
Applied EMA to image_encoder.blocks.1.attn.Lora_shared_A_v.weight
Applied EMA to image_encoder.blocks.1.attn.Lora_shared_B_v.weight
Applied EMA to image_encoder.blocks.2.attn.Lora_shared_A_k.weight
Applied EMA to image_encoder.blocks.2.attn.Lora_shared_B_k.weight
Applied EMA to image_encoder.blocks.2.attn.Lora_shared_A_v.weight
Applied EMA to image_encoder.blocks.2.attn.Lora_shared_B_v.weight
Applied EMA to image_encoder.blocks.3.attn.Lora_shared_A_k.weight
Applied EMA to image_encoder.blocks.3.attn.Lora_shared_B_k.weight
Applied EMA to image_encoder.blocks.3.attn.Lora_shared_A_v.weight
Applied EMA to image_encoder.blocks.3.attn.Lora_shared_B_v.weight
Applied EMA to image_encoder.blocks.4.attn.Lora_shared_A_k.weight
Applied EMA to image_encoder.blocks.4.attn.Lora_shared_B_k.weight
Applied EMA to image_encoder.blocks.4.attn.Lora_shared_A_v.weight
Applied EMA to image_encoder.blocks.4.attn.Lora_shared_B_v.weight
Applied EMA to image_encoder.blocks.5.attn.Lora_shared_A_k.weight
Applied EMA to image_encoder.blocks.5.attn.Lora_shared_B_k.weight
Applied EMA to image_encoder.blocks.5.attn.Lora_shared_A_v.weight
Applied EMA to image_encoder.blocks.5.attn.Lora_shared_B_v.weight
Applied EMA to image_encoder.blocks.6.attn.Lora_shared_A_k.weight
Applied EMA to image_encoder.blocks.6.attn.Lora_shared_B_k.weight
Applied EMA to image_encoder.blocks.6.attn.Lora_shared_A_v.weight
Applied EMA to image_encoder.blocks.6.attn.Lora_shared_B_v.weight
Applied EMA to image_encoder.blocks.7.attn.Lora_shared_A_k.weight
Applied EMA to image_encoder.blocks.7.attn.Lora_shared_B_k.weight
Applied EMA to image_encoder.blocks.7.attn.Lora_shared_A_v.weight
Applied EMA to image_encoder.blocks.7.attn.Lora_shared_B_v.weight
Applied EMA to image_encoder.blocks.8.attn.Lora_shared_A_k.weight
Applied EMA to image_encoder.blocks.8.attn.Lora_shared_B_k.weight
Applied EMA to image_encoder.blocks.8.attn.Lora_shared_A_v.weight
Applied EMA to image_encoder.blocks.8.attn.Lora_shared_B_v.weight
Applied EMA to image_encoder.blocks.9.attn.Lora_shared_A_k.weight
Applied EMA to image_encoder.blocks.9.attn.Lora_shared_B_k.weight
Applied EMA to image_encoder.blocks.9.attn.Lora_shared_A_v.weight
Applied EMA to image_encoder.blocks.9.attn.Lora_shared_B_v.weight
Applied EMA to image_encoder.blocks.10.attn.Lora_shared_A_k.weight
Applied EMA to image_encoder.blocks.10.attn.Lora_shared_B_k.weight
Applied EMA to image_encoder.blocks.10.attn.Lora_shared_A_v.weight
Applied EMA to image_encoder.blocks.10.attn.Lora_shared_B_v.weight
Applied EMA to image_encoder.blocks.11.attn.Lora_shared_A_k.weight
Applied EMA to image_encoder.blocks.11.attn.Lora_shared_B_k.weight
Applied EMA to image_encoder.blocks.11.attn.Lora_shared_A_v.weight
Applied EMA to image_encoder.blocks.11.attn.Lora_shared_B_v.weight
2026-06-30 22:44:10,028 [trainer.py] => Training time: 0h 3m 18s
2026-06-30 22:44:25,337 [trainer.py] => Evaluation time: 0h 0m 15s
2026-06-30 22:44:25,337 [trainer.py] => Accuracy: {'total': 75.09, '00-19': 75.7, '20-39': 80.42, '40-59': 69.04, '60-79': 71.82, '80-99': 76.24, '100-119': 74.23, 'old': 75.24, 'new': 74.23}
2026-06-30 22:44:25,337 [trainer.py] => (curve) top1 Acc: [88.08, 83.67, 80.85, 77.92, 76.66, 75.09]
2026-06-30 22:44:25,337 [trainer.py] => Avergae Acc: 80.38
2026-06-30 22:44:25,337 [trainer.py] => (curve) top1 Acc with task: [88.08, 88.36, 87.24, 87.12, 86.59, 86.52]
2026-06-30 22:44:25,337 [trainer.py] => Avergae Acc: 87.32
2026-06-30 22:44:25,337 [trainer.py] => (curve) top1 Acc task: [100.0, 90.48, 87.9, 83.61, 82.0, 79.94]
2026-06-30 22:44:25,338 [trainer.py] => Avergae Acc: 87.32
2026-06-30 22:44:25,338 [trainer.py] => ================================================================================
2026-06-30 22:44:25,338 [trainer.py] => ================================================================================
2026-06-30 22:44:25,339 [base.py] => Task 6 learning on class 120-140
Parameters to be updated:
[Trainable] image_encoder.blocks.0.attn.lora_B_k.6.weight                (768, 10) | 7680
[Trainable] image_encoder.blocks.0.attn.lora_B_v.6.weight                (768, 10) | 7680
[Trainable] image_encoder.blocks.1.attn.lora_B_k.6.weight                (768, 10) | 7680
[Trainable] image_encoder.blocks.1.attn.lora_B_v.6.weight                (768, 10) | 7680
[Trainable] image_encoder.blocks.2.attn.lora_B_k.6.weight                (768, 10) | 7680
[Trainable] image_encoder.blocks.2.attn.lora_B_v.6.weight                (768, 10) | 7680
[Trainable] image_encoder.blocks.3.attn.lora_B_k.6.weight                (768, 10) | 7680
[Trainable] image_encoder.blocks.3.attn.lora_B_v.6.weight                (768, 10) | 7680
[Trainable] image_encoder.blocks.4.attn.lora_B_k.6.weight                (768, 10) | 7680
[Trainable] image_encoder.blocks.4.attn.lora_B_v.6.weight                (768, 10) | 7680
[Trainable] image_encoder.blocks.5.attn.lora_B_k.6.weight                (768, 10) | 7680
[Trainable] image_encoder.blocks.5.attn.lora_B_v.6.weight                (768, 10) | 7680
[Trainable] image_encoder.blocks.6.attn.lora_B_k.6.weight                (768, 10) | 7680
[Trainable] image_encoder.blocks.6.attn.lora_B_v.6.weight                (768, 10) | 7680
[Trainable] image_encoder.blocks.7.attn.lora_B_k.6.weight                (768, 10) | 7680
[Trainable] image_encoder.blocks.7.attn.lora_B_v.6.weight                (768, 10) | 7680
[Trainable] image_encoder.blocks.8.attn.lora_B_k.6.weight                (768, 10) | 7680
[Trainable] image_encoder.blocks.8.attn.lora_B_v.6.weight                (768, 10) | 7680
[Trainable] image_encoder.blocks.9.attn.lora_B_k.6.weight                (768, 10) | 7680
[Trainable] image_encoder.blocks.9.attn.lora_B_v.6.weight                (768, 10) | 7680
[Trainable] image_encoder.blocks.10.attn.lora_B_k.6.weight               (768, 10) | 7680
[Trainable] image_encoder.blocks.10.attn.lora_B_v.6.weight               (768, 10) | 7680
[Trainable] image_encoder.blocks.11.attn.lora_B_k.6.weight               (768, 10) | 7680
[Trainable] image_encoder.blocks.11.attn.lora_B_v.6.weight               (768, 10) | 7680
[Trainable] classifier_pool.6.weight                                     (20, 768) | 15360
[Trainable] classifier_pool.6.bias                                       (20,) | 20
2026-06-30 22:44:25,350 [toolkit.py] => Total params:     106,804,763
2026-06-30 22:44:25,350 [toolkit.py] => Trainable params: 199,700
2026-06-30 22:44:25,350 [toolkit.py] => Trainable ratio:  0.1870%
Using SplitLora Initialization for Task t(t>=1)
✅ Requires_grad parameters and optimizer parameters are consistent.
EMA tracking: image_encoder.blocks.0.attn.Lora_shared_A_k.weight
EMA tracking: image_encoder.blocks.0.attn.Lora_shared_B_k.weight
EMA tracking: image_encoder.blocks.0.attn.Lora_shared_A_v.weight
EMA tracking: image_encoder.blocks.0.attn.Lora_shared_B_v.weight
EMA tracking: image_encoder.blocks.1.attn.Lora_shared_A_k.weight
EMA tracking: image_encoder.blocks.1.attn.Lora_shared_B_k.weight
EMA tracking: image_encoder.blocks.1.attn.Lora_shared_A_v.weight
EMA tracking: image_encoder.blocks.1.attn.Lora_shared_B_v.weight
EMA tracking: image_encoder.blocks.2.attn.Lora_shared_A_k.weight
EMA tracking: image_encoder.blocks.2.attn.Lora_shared_B_k.weight
EMA tracking: image_encoder.blocks.2.attn.Lora_shared_A_v.weight
EMA tracking: image_encoder.blocks.2.attn.Lora_shared_B_v.weight
EMA tracking: image_encoder.blocks.3.attn.Lora_shared_A_k.weight
EMA tracking: image_encoder.blocks.3.attn.Lora_shared_B_k.weight
EMA tracking: image_encoder.blocks.3.attn.Lora_shared_A_v.weight
EMA tracking: image_encoder.blocks.3.attn.Lora_shared_B_v.weight
EMA tracking: image_encoder.blocks.4.attn.Lora_shared_A_k.weight
EMA tracking: image_encoder.blocks.4.attn.Lora_shared_B_k.weight
EMA tracking: image_encoder.blocks.4.attn.Lora_shared_A_v.weight
EMA tracking: image_encoder.blocks.4.attn.Lora_shared_B_v.weight
EMA tracking: image_encoder.blocks.5.attn.Lora_shared_A_k.weight
EMA tracking: image_encoder.blocks.5.attn.Lora_shared_B_k.weight
EMA tracking: image_encoder.blocks.5.attn.Lora_shared_A_v.weight
EMA tracking: image_encoder.blocks.5.attn.Lora_shared_B_v.weight
EMA tracking: image_encoder.blocks.6.attn.Lora_shared_A_k.weight
EMA tracking: image_encoder.blocks.6.attn.Lora_shared_B_k.weight
EMA tracking: image_encoder.blocks.6.attn.Lora_shared_A_v.weight
EMA tracking: image_encoder.blocks.6.attn.Lora_shared_B_v.weight
EMA tracking: image_encoder.blocks.7.attn.Lora_shared_A_k.weight
EMA tracking: image_encoder.blocks.7.attn.Lora_shared_B_k.weight
EMA tracking: image_encoder.blocks.7.attn.Lora_shared_A_v.weight
EMA tracking: image_encoder.blocks.7.attn.Lora_shared_B_v.weight
EMA tracking: image_encoder.blocks.8.attn.Lora_shared_A_k.weight
EMA tracking: image_encoder.blocks.8.attn.Lora_shared_B_k.weight
EMA tracking: image_encoder.blocks.8.attn.Lora_shared_A_v.weight
EMA tracking: image_encoder.blocks.8.attn.Lora_shared_B_v.weight
EMA tracking: image_encoder.blocks.9.attn.Lora_shared_A_k.weight
EMA tracking: image_encoder.blocks.9.attn.Lora_shared_B_k.weight
EMA tracking: image_encoder.blocks.9.attn.Lora_shared_A_v.weight
EMA tracking: image_encoder.blocks.9.attn.Lora_shared_B_v.weight
EMA tracking: image_encoder.blocks.10.attn.Lora_shared_A_k.weight
EMA tracking: image_encoder.blocks.10.attn.Lora_shared_B_k.weight
EMA tracking: image_encoder.blocks.10.attn.Lora_shared_A_v.weight
EMA tracking: image_encoder.blocks.10.attn.Lora_shared_B_v.weight
EMA tracking: image_encoder.blocks.11.attn.Lora_shared_A_k.weight
EMA tracking: image_encoder.blocks.11.attn.Lora_shared_B_k.weight
EMA tracking: image_encoder.blocks.11.attn.Lora_shared_A_v.weight
EMA tracking: image_encoder.blocks.11.attn.Lora_shared_B_v.weight
2026-06-30 22:47:37,225 [splitlorav6.py] => Task 6, Epoch 10/10 => Loss 0.348, Train_accy 88.70
Applied EMA to image_encoder.blocks.0.attn.Lora_shared_A_k.weight
Applied EMA to image_encoder.blocks.0.attn.Lora_shared_B_k.weight
Applied EMA to image_encoder.blocks.0.attn.Lora_shared_A_v.weight
Applied EMA to image_encoder.blocks.0.attn.Lora_shared_B_v.weight
Applied EMA to image_encoder.blocks.1.attn.Lora_shared_A_k.weight
Applied EMA to image_encoder.blocks.1.attn.Lora_shared_B_k.weight
Applied EMA to image_encoder.blocks.1.attn.Lora_shared_A_v.weight
Applied EMA to image_encoder.blocks.1.attn.Lora_shared_B_v.weight
Applied EMA to image_encoder.blocks.2.attn.Lora_shared_A_k.weight
Applied EMA to image_encoder.blocks.2.attn.Lora_shared_B_k.weight
Applied EMA to image_encoder.blocks.2.attn.Lora_shared_A_v.weight
Applied EMA to image_encoder.blocks.2.attn.Lora_shared_B_v.weight
Applied EMA to image_encoder.blocks.3.attn.Lora_shared_A_k.weight
Applied EMA to image_encoder.blocks.3.attn.Lora_shared_B_k.weight
Applied EMA to image_encoder.blocks.3.attn.Lora_shared_A_v.weight
Applied EMA to image_encoder.blocks.3.attn.Lora_shared_B_v.weight
Applied EMA to image_encoder.blocks.4.attn.Lora_shared_A_k.weight
Applied EMA to image_encoder.blocks.4.attn.Lora_shared_B_k.weight
Applied EMA to image_encoder.blocks.4.attn.Lora_shared_A_v.weight
Applied EMA to image_encoder.blocks.4.attn.Lora_shared_B_v.weight
Applied EMA to image_encoder.blocks.5.attn.Lora_shared_A_k.weight
Applied EMA to image_encoder.blocks.5.attn.Lora_shared_B_k.weight
Applied EMA to image_encoder.blocks.5.attn.Lora_shared_A_v.weight
Applied EMA to image_encoder.blocks.5.attn.Lora_shared_B_v.weight
Applied EMA to image_encoder.blocks.6.attn.Lora_shared_A_k.weight
Applied EMA to image_encoder.blocks.6.attn.Lora_shared_B_k.weight
Applied EMA to image_encoder.blocks.6.attn.Lora_shared_A_v.weight
Applied EMA to image_encoder.blocks.6.attn.Lora_shared_B_v.weight
Applied EMA to image_encoder.blocks.7.attn.Lora_shared_A_k.weight
Applied EMA to image_encoder.blocks.7.attn.Lora_shared_B_k.weight
Applied EMA to image_encoder.blocks.7.attn.Lora_shared_A_v.weight
Applied EMA to image_encoder.blocks.7.attn.Lora_shared_B_v.weight
Applied EMA to image_encoder.blocks.8.attn.Lora_shared_A_k.weight
Applied EMA to image_encoder.blocks.8.attn.Lora_shared_B_k.weight
Applied EMA to image_encoder.blocks.8.attn.Lora_shared_A_v.weight
Applied EMA to image_encoder.blocks.8.attn.Lora_shared_B_v.weight
Applied EMA to image_encoder.blocks.9.attn.Lora_shared_A_k.weight
Applied EMA to image_encoder.blocks.9.attn.Lora_shared_B_k.weight
Applied EMA to image_encoder.blocks.9.attn.Lora_shared_A_v.weight
Applied EMA to image_encoder.blocks.9.attn.Lora_shared_B_v.weight
Applied EMA to image_encoder.blocks.10.attn.Lora_shared_A_k.weight
Applied EMA to image_encoder.blocks.10.attn.Lora_shared_B_k.weight
Applied EMA to image_encoder.blocks.10.attn.Lora_shared_A_v.weight
Applied EMA to image_encoder.blocks.10.attn.Lora_shared_B_v.weight
Applied EMA to image_encoder.blocks.11.attn.Lora_shared_A_k.weight
Applied EMA to image_encoder.blocks.11.attn.Lora_shared_B_k.weight
Applied EMA to image_encoder.blocks.11.attn.Lora_shared_A_v.weight
Applied EMA to image_encoder.blocks.11.attn.Lora_shared_B_v.weight
2026-06-30 22:47:48,810 [trainer.py] => Training time: 0h 3m 23s
2026-06-30 22:48:06,162 [trainer.py] => Evaluation time: 0h 0m 17s
2026-06-30 22:48:06,162 [trainer.py] => Accuracy: {'total': 73.65, '00-19': 75.08, '20-39': 79.72, '40-59': 69.04, '60-79': 71.31, '80-99': 76.24, '100-119': 74.05, '120-139': 66.73, 'old': 74.73, 'new': 66.73}
2026-06-30 22:48:06,163 [trainer.py] => (curve) top1 Acc: [88.08, 83.67, 80.85, 77.92, 76.66, 75.09, 73.65]
2026-06-30 22:48:06,163 [trainer.py] => Avergae Acc: 79.42
2026-06-30 22:48:06,163 [trainer.py] => (curve) top1 Acc with task: [88.08, 88.36, 87.24, 87.12, 86.59, 86.52, 85.82]
2026-06-30 22:48:06,163 [trainer.py] => Avergae Acc: 87.10
2026-06-30 22:48:06,163 [trainer.py] => (curve) top1 Acc task: [100.0, 90.48, 87.9, 83.61, 82.0, 79.94, 78.04]
2026-06-30 22:48:06,163 [trainer.py] => Avergae Acc: 86.00
2026-06-30 22:48:06,163 [trainer.py] => ================================================================================
2026-06-30 22:48:06,163 [trainer.py] => ================================================================================
2026-06-30 22:48:06,164 [base.py] => Task 7 learning on class 140-160
Parameters to be updated:
[Trainable] image_encoder.blocks.0.attn.lora_B_k.7.weight                (768, 10) | 7680
[Trainable] image_encoder.blocks.0.attn.lora_B_v.7.weight                (768, 10) | 7680
[Trainable] image_encoder.blocks.1.attn.lora_B_k.7.weight                (768, 10) | 7680
[Trainable] image_encoder.blocks.1.attn.lora_B_v.7.weight                (768, 10) | 7680
[Trainable] image_encoder.blocks.2.attn.lora_B_k.7.weight                (768, 10) | 7680
[Trainable] image_encoder.blocks.2.attn.lora_B_v.7.weight                (768, 10) | 7680
[Trainable] image_encoder.blocks.3.attn.lora_B_k.7.weight                (768, 10) | 7680
[Trainable] image_encoder.blocks.3.attn.lora_B_v.7.weight                (768, 10) | 7680
[Trainable] image_encoder.blocks.4.attn.lora_B_k.7.weight                (768, 10) | 7680
[Trainable] image_encoder.blocks.4.attn.lora_B_v.7.weight                (768, 10) | 7680
[Trainable] image_encoder.blocks.5.attn.lora_B_k.7.weight                (768, 10) | 7680
[Trainable] image_encoder.blocks.5.attn.lora_B_v.7.weight                (768, 10) | 7680
[Trainable] image_encoder.blocks.6.attn.lora_B_k.7.weight                (768, 10) | 7680
[Trainable] image_encoder.blocks.6.attn.lora_B_v.7.weight                (768, 10) | 7680
[Trainable] image_encoder.blocks.7.attn.lora_B_k.7.weight                (768, 10) | 7680
[Trainable] image_encoder.blocks.7.attn.lora_B_v.7.weight                (768, 10) | 7680
[Trainable] image_encoder.blocks.8.attn.lora_B_k.7.weight                (768, 10) | 7680
[Trainable] image_encoder.blocks.8.attn.lora_B_v.7.weight                (768, 10) | 7680
[Trainable] image_encoder.blocks.9.attn.lora_B_k.7.weight                (768, 10) | 7680
[Trainable] image_encoder.blocks.9.attn.lora_B_v.7.weight                (768, 10) | 7680
[Trainable] image_encoder.blocks.10.attn.lora_B_k.7.weight               (768, 10) | 7680
[Trainable] image_encoder.blocks.10.attn.lora_B_v.7.weight               (768, 10) | 7680
[Trainable] image_encoder.blocks.11.attn.lora_B_k.7.weight               (768, 10) | 7680
[Trainable] image_encoder.blocks.11.attn.lora_B_v.7.weight               (768, 10) | 7680
[Trainable] classifier_pool.7.weight                                     (20, 768) | 15360
[Trainable] classifier_pool.7.bias                                       (20,) | 20
2026-06-30 22:48:06,176 [toolkit.py] => Total params:     106,804,763
2026-06-30 22:48:06,176 [toolkit.py] => Trainable params: 199,700
2026-06-30 22:48:06,176 [toolkit.py] => Trainable ratio:  0.1870%
Using SplitLora Initialization for Task t(t>=1)
✅ Requires_grad parameters and optimizer parameters are consistent.
EMA tracking: image_encoder.blocks.0.attn.Lora_shared_A_k.weight
EMA tracking: image_encoder.blocks.0.attn.Lora_shared_B_k.weight
EMA tracking: image_encoder.blocks.0.attn.Lora_shared_A_v.weight
EMA tracking: image_encoder.blocks.0.attn.Lora_shared_B_v.weight
EMA tracking: image_encoder.blocks.1.attn.Lora_shared_A_k.weight
EMA tracking: image_encoder.blocks.1.attn.Lora_shared_B_k.weight
EMA tracking: image_encoder.blocks.1.attn.Lora_shared_A_v.weight
EMA tracking: image_encoder.blocks.1.attn.Lora_shared_B_v.weight
EMA tracking: image_encoder.blocks.2.attn.Lora_shared_A_k.weight
EMA tracking: image_encoder.blocks.2.attn.Lora_shared_B_k.weight
EMA tracking: image_encoder.blocks.2.attn.Lora_shared_A_v.weight
EMA tracking: image_encoder.blocks.2.attn.Lora_shared_B_v.weight
EMA tracking: image_encoder.blocks.3.attn.Lora_shared_A_k.weight
EMA tracking: image_encoder.blocks.3.attn.Lora_shared_B_k.weight
EMA tracking: image_encoder.blocks.3.attn.Lora_shared_A_v.weight
EMA tracking: image_encoder.blocks.3.attn.Lora_shared_B_v.weight
EMA tracking: image_encoder.blocks.4.attn.Lora_shared_A_k.weight
EMA tracking: image_encoder.blocks.4.attn.Lora_shared_B_k.weight
EMA tracking: image_encoder.blocks.4.attn.Lora_shared_A_v.weight
EMA tracking: image_encoder.blocks.4.attn.Lora_shared_B_v.weight
EMA tracking: image_encoder.blocks.5.attn.Lora_shared_A_k.weight
EMA tracking: image_encoder.blocks.5.attn.Lora_shared_B_k.weight
EMA tracking: image_encoder.blocks.5.attn.Lora_shared_A_v.weight
EMA tracking: image_encoder.blocks.5.attn.Lora_shared_B_v.weight
EMA tracking: image_encoder.blocks.6.attn.Lora_shared_A_k.weight
EMA tracking: image_encoder.blocks.6.attn.Lora_shared_B_k.weight
EMA tracking: image_encoder.blocks.6.attn.Lora_shared_A_v.weight
EMA tracking: image_encoder.blocks.6.attn.Lora_shared_B_v.weight
EMA tracking: image_encoder.blocks.7.attn.Lora_shared_A_k.weight
EMA tracking: image_encoder.blocks.7.attn.Lora_shared_B_k.weight
EMA tracking: image_encoder.blocks.7.attn.Lora_shared_A_v.weight
EMA tracking: image_encoder.blocks.7.attn.Lora_shared_B_v.weight
EMA tracking: image_encoder.blocks.8.attn.Lora_shared_A_k.weight
EMA tracking: image_encoder.blocks.8.attn.Lora_shared_B_k.weight
EMA tracking: image_encoder.blocks.8.attn.Lora_shared_A_v.weight
EMA tracking: image_encoder.blocks.8.attn.Lora_shared_B_v.weight
EMA tracking: image_encoder.blocks.9.attn.Lora_shared_A_k.weight
EMA tracking: image_encoder.blocks.9.attn.Lora_shared_B_k.weight
EMA tracking: image_encoder.blocks.9.attn.Lora_shared_A_v.weight
EMA tracking: image_encoder.blocks.9.attn.Lora_shared_B_v.weight
EMA tracking: image_encoder.blocks.10.attn.Lora_shared_A_k.weight
EMA tracking: image_encoder.blocks.10.attn.Lora_shared_B_k.weight
EMA tracking: image_encoder.blocks.10.attn.Lora_shared_A_v.weight
EMA tracking: image_encoder.blocks.10.attn.Lora_shared_B_v.weight
EMA tracking: image_encoder.blocks.11.attn.Lora_shared_A_k.weight
EMA tracking: image_encoder.blocks.11.attn.Lora_shared_B_k.weight
EMA tracking: image_encoder.blocks.11.attn.Lora_shared_A_v.weight
EMA tracking: image_encoder.blocks.11.attn.Lora_shared_B_v.weight
2026-06-30 22:50:41,192 [splitlorav6.py] => Task 7, Epoch 10/10 => Loss 0.331, Train_accy 91.21
Applied EMA to image_encoder.blocks.0.attn.Lora_shared_A_k.weight
Applied EMA to image_encoder.blocks.0.attn.Lora_shared_B_k.weight
Applied EMA to image_encoder.blocks.0.attn.Lora_shared_A_v.weight
Applied EMA to image_encoder.blocks.0.attn.Lora_shared_B_v.weight
Applied EMA to image_encoder.blocks.1.attn.Lora_shared_A_k.weight
Applied EMA to image_encoder.blocks.1.attn.Lora_shared_B_k.weight
Applied EMA to image_encoder.blocks.1.attn.Lora_shared_A_v.weight
Applied EMA to image_encoder.blocks.1.attn.Lora_shared_B_v.weight
Applied EMA to image_encoder.blocks.2.attn.Lora_shared_A_k.weight
Applied EMA to image_encoder.blocks.2.attn.Lora_shared_B_k.weight
Applied EMA to image_encoder.blocks.2.attn.Lora_shared_A_v.weight
Applied EMA to image_encoder.blocks.2.attn.Lora_shared_B_v.weight
Applied EMA to image_encoder.blocks.3.attn.Lora_shared_A_k.weight
Applied EMA to image_encoder.blocks.3.attn.Lora_shared_B_k.weight
Applied EMA to image_encoder.blocks.3.attn.Lora_shared_A_v.weight
Applied EMA to image_encoder.blocks.3.attn.Lora_shared_B_v.weight
Applied EMA to image_encoder.blocks.4.attn.Lora_shared_A_k.weight
Applied EMA to image_encoder.blocks.4.attn.Lora_shared_B_k.weight
Applied EMA to image_encoder.blocks.4.attn.Lora_shared_A_v.weight
Applied EMA to image_encoder.blocks.4.attn.Lora_shared_B_v.weight
Applied EMA to image_encoder.blocks.5.attn.Lora_shared_A_k.weight
Applied EMA to image_encoder.blocks.5.attn.Lora_shared_B_k.weight
Applied EMA to image_encoder.blocks.5.attn.Lora_shared_A_v.weight
Applied EMA to image_encoder.blocks.5.attn.Lora_shared_B_v.weight
Applied EMA to image_encoder.blocks.6.attn.Lora_shared_A_k.weight
Applied EMA to image_encoder.blocks.6.attn.Lora_shared_B_k.weight
Applied EMA to image_encoder.blocks.6.attn.Lora_shared_A_v.weight
Applied EMA to image_encoder.blocks.6.attn.Lora_shared_B_v.weight
Applied EMA to image_encoder.blocks.7.attn.Lora_shared_A_k.weight
Applied EMA to image_encoder.blocks.7.attn.Lora_shared_B_k.weight
Applied EMA to image_encoder.blocks.7.attn.Lora_shared_A_v.weight
Applied EMA to image_encoder.blocks.7.attn.Lora_shared_B_v.weight
Applied EMA to image_encoder.blocks.8.attn.Lora_shared_A_k.weight
Applied EMA to image_encoder.blocks.8.attn.Lora_shared_B_k.weight
Applied EMA to image_encoder.blocks.8.attn.Lora_shared_A_v.weight
Applied EMA to image_encoder.blocks.8.attn.Lora_shared_B_v.weight
Applied EMA to image_encoder.blocks.9.attn.Lora_shared_A_k.weight
Applied EMA to image_encoder.blocks.9.attn.Lora_shared_B_k.weight
Applied EMA to image_encoder.blocks.9.attn.Lora_shared_A_v.weight
Applied EMA to image_encoder.blocks.9.attn.Lora_shared_B_v.weight
Applied EMA to image_encoder.blocks.10.attn.Lora_shared_A_k.weight
Applied EMA to image_encoder.blocks.10.attn.Lora_shared_B_k.weight
Applied EMA to image_encoder.blocks.10.attn.Lora_shared_A_v.weight
Applied EMA to image_encoder.blocks.10.attn.Lora_shared_B_v.weight
Applied EMA to image_encoder.blocks.11.attn.Lora_shared_A_k.weight
Applied EMA to image_encoder.blocks.11.attn.Lora_shared_B_k.weight
Applied EMA to image_encoder.blocks.11.attn.Lora_shared_A_v.weight
Applied EMA to image_encoder.blocks.11.attn.Lora_shared_B_v.weight
2026-06-30 22:50:51,177 [trainer.py] => Training time: 0h 2m 45s
2026-06-30 22:51:10,553 [trainer.py] => Evaluation time: 0h 0m 19s
2026-06-30 22:51:10,553 [trainer.py] => Accuracy: {'total': 72.95, '00-19': 74.15, '20-39': 79.58, '40-59': 68.35, '60-79': 71.14, '80-99': 76.24, '100-119': 73.33, '120-139': 64.96, '140-159': 71.93, 'old': 73.06, 'new': 71.93}
2026-06-30 22:51:10,553 [trainer.py] => (curve) top1 Acc: [88.08, 83.67, 80.85, 77.92, 76.66, 75.09, 73.65, 72.95]
2026-06-30 22:51:10,553 [trainer.py] => Avergae Acc: 78.61
2026-06-30 22:51:10,553 [trainer.py] => (curve) top1 Acc with task: [88.08, 88.36, 87.24, 87.12, 86.59, 86.52, 85.82, 85.36]
2026-06-30 22:51:10,553 [trainer.py] => Avergae Acc: 86.89
2026-06-30 22:51:10,553 [trainer.py] => (curve) top1 Acc task: [100.0, 90.48, 87.9, 83.61, 82.0, 79.94, 78.04, 77.15]
2026-06-30 22:51:10,553 [trainer.py] => Avergae Acc: 84.89
2026-06-30 22:51:10,553 [trainer.py] => ================================================================================
2026-06-30 22:51:10,553 [trainer.py] => ================================================================================
2026-06-30 22:51:10,555 [base.py] => Task 8 learning on class 160-180
Parameters to be updated:
[Trainable] image_encoder.blocks.0.attn.lora_B_k.8.weight                (768, 10) | 7680
[Trainable] image_encoder.blocks.0.attn.lora_B_v.8.weight                (768, 10) | 7680
[Trainable] image_encoder.blocks.1.attn.lora_B_k.8.weight                (768, 10) | 7680
[Trainable] image_encoder.blocks.1.attn.lora_B_v.8.weight                (768, 10) | 7680
[Trainable] image_encoder.blocks.2.attn.lora_B_k.8.weight                (768, 10) | 7680
[Trainable] image_encoder.blocks.2.attn.lora_B_v.8.weight                (768, 10) | 7680
[Trainable] image_encoder.blocks.3.attn.lora_B_k.8.weight                (768, 10) | 7680
[Trainable] image_encoder.blocks.3.attn.lora_B_v.8.weight                (768, 10) | 7680
[Trainable] image_encoder.blocks.4.attn.lora_B_k.8.weight                (768, 10) | 7680
[Trainable] image_encoder.blocks.4.attn.lora_B_v.8.weight                (768, 10) | 7680
[Trainable] image_encoder.blocks.5.attn.lora_B_k.8.weight                (768, 10) | 7680
[Trainable] image_encoder.blocks.5.attn.lora_B_v.8.weight                (768, 10) | 7680
[Trainable] image_encoder.blocks.6.attn.lora_B_k.8.weight                (768, 10) | 7680
[Trainable] image_encoder.blocks.6.attn.lora_B_v.8.weight                (768, 10) | 7680
[Trainable] image_encoder.blocks.7.attn.lora_B_k.8.weight                (768, 10) | 7680
[Trainable] image_encoder.blocks.7.attn.lora_B_v.8.weight                (768, 10) | 7680
[Trainable] image_encoder.blocks.8.attn.lora_B_k.8.weight                (768, 10) | 7680
[Trainable] image_encoder.blocks.8.attn.lora_B_v.8.weight                (768, 10) | 7680
[Trainable] image_encoder.blocks.9.attn.lora_B_k.8.weight                (768, 10) | 7680
[Trainable] image_encoder.blocks.9.attn.lora_B_v.8.weight                (768, 10) | 7680
[Trainable] image_encoder.blocks.10.attn.lora_B_k.8.weight               (768, 10) | 7680
[Trainable] image_encoder.blocks.10.attn.lora_B_v.8.weight               (768, 10) | 7680
[Trainable] image_encoder.blocks.11.attn.lora_B_k.8.weight               (768, 10) | 7680
[Trainable] image_encoder.blocks.11.attn.lora_B_v.8.weight               (768, 10) | 7680
[Trainable] classifier_pool.8.weight                                     (20, 768) | 15360
[Trainable] classifier_pool.8.bias                                       (20,) | 20
2026-06-30 22:51:10,566 [toolkit.py] => Total params:     106,804,763
2026-06-30 22:51:10,566 [toolkit.py] => Trainable params: 199,700
2026-06-30 22:51:10,566 [toolkit.py] => Trainable ratio:  0.1870%
Using SplitLora Initialization for Task t(t>=1)
✅ Requires_grad parameters and optimizer parameters are consistent.
EMA tracking: image_encoder.blocks.0.attn.Lora_shared_A_k.weight
EMA tracking: image_encoder.blocks.0.attn.Lora_shared_B_k.weight
EMA tracking: image_encoder.blocks.0.attn.Lora_shared_A_v.weight
EMA tracking: image_encoder.blocks.0.attn.Lora_shared_B_v.weight
EMA tracking: image_encoder.blocks.1.attn.Lora_shared_A_k.weight
EMA tracking: image_encoder.blocks.1.attn.Lora_shared_B_k.weight
EMA tracking: image_encoder.blocks.1.attn.Lora_shared_A_v.weight
EMA tracking: image_encoder.blocks.1.attn.Lora_shared_B_v.weight
EMA tracking: image_encoder.blocks.2.attn.Lora_shared_A_k.weight
EMA tracking: image_encoder.blocks.2.attn.Lora_shared_B_k.weight
EMA tracking: image_encoder.blocks.2.attn.Lora_shared_A_v.weight
EMA tracking: image_encoder.blocks.2.attn.Lora_shared_B_v.weight
EMA tracking: image_encoder.blocks.3.attn.Lora_shared_A_k.weight
EMA tracking: image_encoder.blocks.3.attn.Lora_shared_B_k.weight
EMA tracking: image_encoder.blocks.3.attn.Lora_shared_A_v.weight
EMA tracking: image_encoder.blocks.3.attn.Lora_shared_B_v.weight
EMA tracking: image_encoder.blocks.4.attn.Lora_shared_A_k.weight
EMA tracking: image_encoder.blocks.4.attn.Lora_shared_B_k.weight
EMA tracking: image_encoder.blocks.4.attn.Lora_shared_A_v.weight
EMA tracking: image_encoder.blocks.4.attn.Lora_shared_B_v.weight
EMA tracking: image_encoder.blocks.5.attn.Lora_shared_A_k.weight
EMA tracking: image_encoder.blocks.5.attn.Lora_shared_B_k.weight
EMA tracking: image_encoder.blocks.5.attn.Lora_shared_A_v.weight
EMA tracking: image_encoder.blocks.5.attn.Lora_shared_B_v.weight
EMA tracking: image_encoder.blocks.6.attn.Lora_shared_A_k.weight
EMA tracking: image_encoder.blocks.6.attn.Lora_shared_B_k.weight
EMA tracking: image_encoder.blocks.6.attn.Lora_shared_A_v.weight
EMA tracking: image_encoder.blocks.6.attn.Lora_shared_B_v.weight
EMA tracking: image_encoder.blocks.7.attn.Lora_shared_A_k.weight
EMA tracking: image_encoder.blocks.7.attn.Lora_shared_B_k.weight
EMA tracking: image_encoder.blocks.7.attn.Lora_shared_A_v.weight
EMA tracking: image_encoder.blocks.7.attn.Lora_shared_B_v.weight
EMA tracking: image_encoder.blocks.8.attn.Lora_shared_A_k.weight
EMA tracking: image_encoder.blocks.8.attn.Lora_shared_B_k.weight
EMA tracking: image_encoder.blocks.8.attn.Lora_shared_A_v.weight
EMA tracking: image_encoder.blocks.8.attn.Lora_shared_B_v.weight
EMA tracking: image_encoder.blocks.9.attn.Lora_shared_A_k.weight
EMA tracking: image_encoder.blocks.9.attn.Lora_shared_B_k.weight
EMA tracking: image_encoder.blocks.9.attn.Lora_shared_A_v.weight
EMA tracking: image_encoder.blocks.9.attn.Lora_shared_B_v.weight
EMA tracking: image_encoder.blocks.10.attn.Lora_shared_A_k.weight
EMA tracking: image_encoder.blocks.10.attn.Lora_shared_B_k.weight
EMA tracking: image_encoder.blocks.10.attn.Lora_shared_A_v.weight
EMA tracking: image_encoder.blocks.10.attn.Lora_shared_B_v.weight
EMA tracking: image_encoder.blocks.11.attn.Lora_shared_A_k.weight
EMA tracking: image_encoder.blocks.11.attn.Lora_shared_B_k.weight
EMA tracking: image_encoder.blocks.11.attn.Lora_shared_A_v.weight
EMA tracking: image_encoder.blocks.11.attn.Lora_shared_B_v.weight
2026-06-30 22:54:35,554 [splitlorav6.py] => Task 8, Epoch 10/10 => Loss 0.168, Train_accy 94.66
Applied EMA to image_encoder.blocks.0.attn.Lora_shared_A_k.weight
Applied EMA to image_encoder.blocks.0.attn.Lora_shared_B_k.weight
Applied EMA to image_encoder.blocks.0.attn.Lora_shared_A_v.weight
Applied EMA to image_encoder.blocks.0.attn.Lora_shared_B_v.weight
Applied EMA to image_encoder.blocks.1.attn.Lora_shared_A_k.weight
Applied EMA to image_encoder.blocks.1.attn.Lora_shared_B_k.weight
Applied EMA to image_encoder.blocks.1.attn.Lora_shared_A_v.weight
Applied EMA to image_encoder.blocks.1.attn.Lora_shared_B_v.weight
Applied EMA to image_encoder.blocks.2.attn.Lora_shared_A_k.weight
Applied EMA to image_encoder.blocks.2.attn.Lora_shared_B_k.weight
Applied EMA to image_encoder.blocks.2.attn.Lora_shared_A_v.weight
Applied EMA to image_encoder.blocks.2.attn.Lora_shared_B_v.weight
Applied EMA to image_encoder.blocks.3.attn.Lora_shared_A_k.weight
Applied EMA to image_encoder.blocks.3.attn.Lora_shared_B_k.weight
Applied EMA to image_encoder.blocks.3.attn.Lora_shared_A_v.weight
Applied EMA to image_encoder.blocks.3.attn.Lora_shared_B_v.weight
Applied EMA to image_encoder.blocks.4.attn.Lora_shared_A_k.weight
Applied EMA to image_encoder.blocks.4.attn.Lora_shared_B_k.weight
Applied EMA to image_encoder.blocks.4.attn.Lora_shared_A_v.weight
Applied EMA to image_encoder.blocks.4.attn.Lora_shared_B_v.weight
Applied EMA to image_encoder.blocks.5.attn.Lora_shared_A_k.weight
Applied EMA to image_encoder.blocks.5.attn.Lora_shared_B_k.weight
Applied EMA to image_encoder.blocks.5.attn.Lora_shared_A_v.weight
Applied EMA to image_encoder.blocks.5.attn.Lora_shared_B_v.weight
Applied EMA to image_encoder.blocks.6.attn.Lora_shared_A_k.weight
Applied EMA to image_encoder.blocks.6.attn.Lora_shared_B_k.weight
Applied EMA to image_encoder.blocks.6.attn.Lora_shared_A_v.weight
Applied EMA to image_encoder.blocks.6.attn.Lora_shared_B_v.weight
Applied EMA to image_encoder.blocks.7.attn.Lora_shared_A_k.weight
Applied EMA to image_encoder.blocks.7.attn.Lora_shared_B_k.weight
Applied EMA to image_encoder.blocks.7.attn.Lora_shared_A_v.weight
Applied EMA to image_encoder.blocks.7.attn.Lora_shared_B_v.weight
Applied EMA to image_encoder.blocks.8.attn.Lora_shared_A_k.weight
Applied EMA to image_encoder.blocks.8.attn.Lora_shared_B_k.weight
Applied EMA to image_encoder.blocks.8.attn.Lora_shared_A_v.weight
Applied EMA to image_encoder.blocks.8.attn.Lora_shared_B_v.weight
Applied EMA to image_encoder.blocks.9.attn.Lora_shared_A_k.weight
Applied EMA to image_encoder.blocks.9.attn.Lora_shared_B_k.weight
Applied EMA to image_encoder.blocks.9.attn.Lora_shared_A_v.weight
Applied EMA to image_encoder.blocks.9.attn.Lora_shared_B_v.weight
Applied EMA to image_encoder.blocks.10.attn.Lora_shared_A_k.weight
Applied EMA to image_encoder.blocks.10.attn.Lora_shared_B_k.weight
Applied EMA to image_encoder.blocks.10.attn.Lora_shared_A_v.weight
Applied EMA to image_encoder.blocks.10.attn.Lora_shared_B_v.weight
Applied EMA to image_encoder.blocks.11.attn.Lora_shared_A_k.weight
Applied EMA to image_encoder.blocks.11.attn.Lora_shared_B_k.weight
Applied EMA to image_encoder.blocks.11.attn.Lora_shared_A_v.weight
Applied EMA to image_encoder.blocks.11.attn.Lora_shared_B_v.weight
2026-06-30 22:54:47,574 [trainer.py] => Training time: 0h 3m 37s
2026-06-30 22:55:08,665 [trainer.py] => Evaluation time: 0h 0m 21s
2026-06-30 22:55:08,665 [trainer.py] => Accuracy: {'total': 73.37, '00-19': 73.84, '20-39': 79.03, '40-59': 67.66, '60-79': 71.14, '80-99': 75.25, '100-119': 72.43, '120-139': 61.8, '140-159': 69.52, '160-179': 84.54, 'old': 71.88, 'new': 84.54}
2026-06-30 22:55:08,665 [trainer.py] => (curve) top1 Acc: [88.08, 83.67, 80.85, 77.92, 76.66, 75.09, 73.65, 72.95, 73.37]
2026-06-30 22:55:08,665 [trainer.py] => Avergae Acc: 78.03
2026-06-30 22:55:08,666 [trainer.py] => (curve) top1 Acc with task: [88.08, 88.36, 87.24, 87.12, 86.59, 86.52, 85.82, 85.36, 86.17]
2026-06-30 22:55:08,666 [trainer.py] => Avergae Acc: 86.81
2026-06-30 22:55:08,666 [trainer.py] => (curve) top1 Acc task: [100.0, 90.48, 87.9, 83.61, 82.0, 79.94, 78.04, 77.15, 77.14]
2026-06-30 22:55:08,666 [trainer.py] => Avergae Acc: 84.03
2026-06-30 22:55:08,666 [trainer.py] => ================================================================================
2026-06-30 22:55:08,666 [trainer.py] => ================================================================================
2026-06-30 22:55:08,667 [base.py] => Task 9 learning on class 180-200
Parameters to be updated:
[Trainable] image_encoder.blocks.0.attn.lora_B_k.9.weight                (768, 10) | 7680
[Trainable] image_encoder.blocks.0.attn.lora_B_v.9.weight                (768, 10) | 7680
[Trainable] image_encoder.blocks.1.attn.lora_B_k.9.weight                (768, 10) | 7680
[Trainable] image_encoder.blocks.1.attn.lora_B_v.9.weight                (768, 10) | 7680
[Trainable] image_encoder.blocks.2.attn.lora_B_k.9.weight                (768, 10) | 7680
[Trainable] image_encoder.blocks.2.attn.lora_B_v.9.weight                (768, 10) | 7680
[Trainable] image_encoder.blocks.3.attn.lora_B_k.9.weight                (768, 10) | 7680
[Trainable] image_encoder.blocks.3.attn.lora_B_v.9.weight                (768, 10) | 7680
[Trainable] image_encoder.blocks.4.attn.lora_B_k.9.weight                (768, 10) | 7680
[Trainable] image_encoder.blocks.4.attn.lora_B_v.9.weight                (768, 10) | 7680
[Trainable] image_encoder.blocks.5.attn.lora_B_k.9.weight                (768, 10) | 7680
[Trainable] image_encoder.blocks.5.attn.lora_B_v.9.weight                (768, 10) | 7680
[Trainable] image_encoder.blocks.6.attn.lora_B_k.9.weight                (768, 10) | 7680
[Trainable] image_encoder.blocks.6.attn.lora_B_v.9.weight                (768, 10) | 7680
[Trainable] image_encoder.blocks.7.attn.lora_B_k.9.weight                (768, 10) | 7680
[Trainable] image_encoder.blocks.7.attn.lora_B_v.9.weight                (768, 10) | 7680
[Trainable] image_encoder.blocks.8.attn.lora_B_k.9.weight                (768, 10) | 7680
[Trainable] image_encoder.blocks.8.attn.lora_B_v.9.weight                (768, 10) | 7680
[Trainable] image_encoder.blocks.9.attn.lora_B_k.9.weight                (768, 10) | 7680
[Trainable] image_encoder.blocks.9.attn.lora_B_v.9.weight                (768, 10) | 7680
[Trainable] image_encoder.blocks.10.attn.lora_B_k.9.weight               (768, 10) | 7680
[Trainable] image_encoder.blocks.10.attn.lora_B_v.9.weight               (768, 10) | 7680
[Trainable] image_encoder.blocks.11.attn.lora_B_k.9.weight               (768, 10) | 7680
[Trainable] image_encoder.blocks.11.attn.lora_B_v.9.weight               (768, 10) | 7680
[Trainable] classifier_pool.9.weight                                     (20, 768) | 15360
[Trainable] classifier_pool.9.bias                                       (20,) | 20
2026-06-30 22:55:08,679 [toolkit.py] => Total params:     106,804,763
2026-06-30 22:55:08,680 [toolkit.py] => Trainable params: 199,700
2026-06-30 22:55:08,680 [toolkit.py] => Trainable ratio:  0.1870%
Using SplitLora Initialization for Task t(t>=1)
✅ Requires_grad parameters and optimizer parameters are consistent.
EMA tracking: image_encoder.blocks.0.attn.Lora_shared_A_k.weight
EMA tracking: image_encoder.blocks.0.attn.Lora_shared_B_k.weight
EMA tracking: image_encoder.blocks.0.attn.Lora_shared_A_v.weight
EMA tracking: image_encoder.blocks.0.attn.Lora_shared_B_v.weight
EMA tracking: image_encoder.blocks.1.attn.Lora_shared_A_k.weight
EMA tracking: image_encoder.blocks.1.attn.Lora_shared_B_k.weight
EMA tracking: image_encoder.blocks.1.attn.Lora_shared_A_v.weight
EMA tracking: image_encoder.blocks.1.attn.Lora_shared_B_v.weight
EMA tracking: image_encoder.blocks.2.attn.Lora_shared_A_k.weight
EMA tracking: image_encoder.blocks.2.attn.Lora_shared_B_k.weight
EMA tracking: image_encoder.blocks.2.attn.Lora_shared_A_v.weight
EMA tracking: image_encoder.blocks.2.attn.Lora_shared_B_v.weight
EMA tracking: image_encoder.blocks.3.attn.Lora_shared_A_k.weight
EMA tracking: image_encoder.blocks.3.attn.Lora_shared_B_k.weight
EMA tracking: image_encoder.blocks.3.attn.Lora_shared_A_v.weight
EMA tracking: image_encoder.blocks.3.attn.Lora_shared_B_v.weight
EMA tracking: image_encoder.blocks.4.attn.Lora_shared_A_k.weight
EMA tracking: image_encoder.blocks.4.attn.Lora_shared_B_k.weight
EMA tracking: image_encoder.blocks.4.attn.Lora_shared_A_v.weight
EMA tracking: image_encoder.blocks.4.attn.Lora_shared_B_v.weight
EMA tracking: image_encoder.blocks.5.attn.Lora_shared_A_k.weight
EMA tracking: image_encoder.blocks.5.attn.Lora_shared_B_k.weight
EMA tracking: image_encoder.blocks.5.attn.Lora_shared_A_v.weight
EMA tracking: image_encoder.blocks.5.attn.Lora_shared_B_v.weight
EMA tracking: image_encoder.blocks.6.attn.Lora_shared_A_k.weight
EMA tracking: image_encoder.blocks.6.attn.Lora_shared_B_k.weight
EMA tracking: image_encoder.blocks.6.attn.Lora_shared_A_v.weight
EMA tracking: image_encoder.blocks.6.attn.Lora_shared_B_v.weight
EMA tracking: image_encoder.blocks.7.attn.Lora_shared_A_k.weight
EMA tracking: image_encoder.blocks.7.attn.Lora_shared_B_k.weight
EMA tracking: image_encoder.blocks.7.attn.Lora_shared_A_v.weight
EMA tracking: image_encoder.blocks.7.attn.Lora_shared_B_v.weight
EMA tracking: image_encoder.blocks.8.attn.Lora_shared_A_k.weight
EMA tracking: image_encoder.blocks.8.attn.Lora_shared_B_k.weight
EMA tracking: image_encoder.blocks.8.attn.Lora_shared_A_v.weight
EMA tracking: image_encoder.blocks.8.attn.Lora_shared_B_v.weight
EMA tracking: image_encoder.blocks.9.attn.Lora_shared_A_k.weight
EMA tracking: image_encoder.blocks.9.attn.Lora_shared_B_k.weight
EMA tracking: image_encoder.blocks.9.attn.Lora_shared_A_v.weight
EMA tracking: image_encoder.blocks.9.attn.Lora_shared_B_v.weight
EMA tracking: image_encoder.blocks.10.attn.Lora_shared_A_k.weight
EMA tracking: image_encoder.blocks.10.attn.Lora_shared_B_k.weight
EMA tracking: image_encoder.blocks.10.attn.Lora_shared_A_v.weight
EMA tracking: image_encoder.blocks.10.attn.Lora_shared_B_v.weight
EMA tracking: image_encoder.blocks.11.attn.Lora_shared_A_k.weight
EMA tracking: image_encoder.blocks.11.attn.Lora_shared_B_k.weight
EMA tracking: image_encoder.blocks.11.attn.Lora_shared_A_v.weight
EMA tracking: image_encoder.blocks.11.attn.Lora_shared_B_v.weight
2026-06-30 22:58:59,717 [splitlorav6.py] => Task 9, Epoch 10/10 => Loss 0.283, Train_accy 91.42
Applied EMA to image_encoder.blocks.0.attn.Lora_shared_A_k.weight
Applied EMA to image_encoder.blocks.0.attn.Lora_shared_B_k.weight
Applied EMA to image_encoder.blocks.0.attn.Lora_shared_A_v.weight
Applied EMA to image_encoder.blocks.0.attn.Lora_shared_B_v.weight
Applied EMA to image_encoder.blocks.1.attn.Lora_shared_A_k.weight
Applied EMA to image_encoder.blocks.1.attn.Lora_shared_B_k.weight
Applied EMA to image_encoder.blocks.1.attn.Lora_shared_A_v.weight
Applied EMA to image_encoder.blocks.1.attn.Lora_shared_B_v.weight
Applied EMA to image_encoder.blocks.2.attn.Lora_shared_A_k.weight
Applied EMA to image_encoder.blocks.2.attn.Lora_shared_B_k.weight
Applied EMA to image_encoder.blocks.2.attn.Lora_shared_A_v.weight
Applied EMA to image_encoder.blocks.2.attn.Lora_shared_B_v.weight
Applied EMA to image_encoder.blocks.3.attn.Lora_shared_A_k.weight
Applied EMA to image_encoder.blocks.3.attn.Lora_shared_B_k.weight
Applied EMA to image_encoder.blocks.3.attn.Lora_shared_A_v.weight
Applied EMA to image_encoder.blocks.3.attn.Lora_shared_B_v.weight
Applied EMA to image_encoder.blocks.4.attn.Lora_shared_A_k.weight
Applied EMA to image_encoder.blocks.4.attn.Lora_shared_B_k.weight
Applied EMA to image_encoder.blocks.4.attn.Lora_shared_A_v.weight
Applied EMA to image_encoder.blocks.4.attn.Lora_shared_B_v.weight
Applied EMA to image_encoder.blocks.5.attn.Lora_shared_A_k.weight
Applied EMA to image_encoder.blocks.5.attn.Lora_shared_B_k.weight
Applied EMA to image_encoder.blocks.5.attn.Lora_shared_A_v.weight
Applied EMA to image_encoder.blocks.5.attn.Lora_shared_B_v.weight
Applied EMA to image_encoder.blocks.6.attn.Lora_shared_A_k.weight
Applied EMA to image_encoder.blocks.6.attn.Lora_shared_B_k.weight
Applied EMA to image_encoder.blocks.6.attn.Lora_shared_A_v.weight
Applied EMA to image_encoder.blocks.6.attn.Lora_shared_B_v.weight
Applied EMA to image_encoder.blocks.7.attn.Lora_shared_A_k.weight
Applied EMA to image_encoder.blocks.7.attn.Lora_shared_B_k.weight
Applied EMA to image_encoder.blocks.7.attn.Lora_shared_A_v.weight
Applied EMA to image_encoder.blocks.7.attn.Lora_shared_B_v.weight
Applied EMA to image_encoder.blocks.8.attn.Lora_shared_A_k.weight
Applied EMA to image_encoder.blocks.8.attn.Lora_shared_B_k.weight
Applied EMA to image_encoder.blocks.8.attn.Lora_shared_A_v.weight
Applied EMA to image_encoder.blocks.8.attn.Lora_shared_B_v.weight
Applied EMA to image_encoder.blocks.9.attn.Lora_shared_A_k.weight
Applied EMA to image_encoder.blocks.9.attn.Lora_shared_B_k.weight
Applied EMA to image_encoder.blocks.9.attn.Lora_shared_A_v.weight
Applied EMA to image_encoder.blocks.9.attn.Lora_shared_B_v.weight
Applied EMA to image_encoder.blocks.10.attn.Lora_shared_A_k.weight
Applied EMA to image_encoder.blocks.10.attn.Lora_shared_B_k.weight
Applied EMA to image_encoder.blocks.10.attn.Lora_shared_A_v.weight
Applied EMA to image_encoder.blocks.10.attn.Lora_shared_B_v.weight
Applied EMA to image_encoder.blocks.11.attn.Lora_shared_A_k.weight
Applied EMA to image_encoder.blocks.11.attn.Lora_shared_B_k.weight
Applied EMA to image_encoder.blocks.11.attn.Lora_shared_A_v.weight
Applied EMA to image_encoder.blocks.11.attn.Lora_shared_B_v.weight
2026-06-30 22:59:13,229 [trainer.py] => Training time: 0h 4m 4s
2026-06-30 22:59:36,996 [trainer.py] => Evaluation time: 0h 0m 23s
2026-06-30 22:59:36,996 [trainer.py] => Accuracy: {'total': 72.92, '00-19': 73.37, '20-39': 78.75, '40-59': 67.43, '60-79': 70.97, '80-99': 74.4, '100-119': 71.35, '120-139': 58.45, '140-159': 67.32, '160-179': 84.06, '180-199': 76.77, 'old': 72.4, 'new': 76.77}
2026-06-30 22:59:36,996 [trainer.py] => (curve) top1 Acc: [88.08, 83.67, 80.85, 77.92, 76.66, 75.09, 73.65, 72.95, 73.37, 72.92]
2026-06-30 22:59:36,996 [trainer.py] => Avergae Acc: 77.52
2026-06-30 22:59:36,996 [trainer.py] => (curve) top1 Acc with task: [88.08, 88.36, 87.24, 87.12, 86.59, 86.52, 85.82, 85.36, 86.17, 86.48]
2026-06-30 22:59:36,996 [trainer.py] => Avergae Acc: 86.77
2026-06-30 22:59:36,996 [trainer.py] => (curve) top1 Acc task: [100.0, 90.48, 87.9, 83.61, 82.0, 79.94, 78.04, 77.15, 77.14, 76.22]
2026-06-30 22:59:36,996 [trainer.py] => Avergae Acc: 83.25
2026-06-30 22:59:36,996 [trainer.py] => ================================================================================
